Rang,id,area_ha,area_km2,mean_suit,max_suit,annual_gwh,winter_gwh,gwh_per_ha,E_lv95,N_lv95
1,601,14.9,0.15,0.843,0.87,44.4,21.9,2.985,2794322,1165738
2,217,39.7,0.4,0.842,0.89,115.9,58.9,2.921,2815498,1188079
3,1063,157.8,1.58,0.841,0.907,462.8,238.7,2.933,2814125,1188125
4,1070,167.2,1.67,0.829,0.895,489.0,252.0,2.925,2810021,1185907
5,690,10.0,0.1,0.827,0.87,28.7,13.6,2.872,2748087,1160680
6,1061,278.1,2.78,0.826,0.898,801.2,404.6,2.881,2817267,1189739
7,549,18.1,0.18,0.825,0.861,53.1,25.9,2.941,2795781,1168507
8,638,233.4,2.33,0.824,0.874,675.8,328.0,2.895,2788295,1163101
9,305,187.0,1.87,0.823,0.892,553.1,287.3,2.958,2798738,1182568
10,678,117.8,1.18,0.821,0.903,340.8,165.7,2.892,2703159,1160459
11,646,13.4,0.13,0.821,0.871,39.3,18.7,2.925,2791805,1163489
12,743,106.1,1.06,0.821,0.89,314.5,158.7,2.964,2737657,1158442
13,388,20.2,0.2,0.819,0.886,58.0,30.3,2.867,2803624,1178227
14,544,28.2,0.28,0.817,0.863,82.2,40.3,2.917,2696586,1168731
15,80,194.0,1.94,0.817,0.882,562.3,288.3,2.899,2827541,1198341
16,1087,181.5,1.82,0.817,0.892,531.5,261.4,2.928,2706852,1175649
17,745,20.6,0.21,0.817,0.862,59.2,28.1,2.872,2744407,1158688
18,465,137.9,1.38,0.817,0.911,403.5,201.3,2.925,2702104,1172923
19,837,115.9,1.16,0.817,0.864,334.1,159.8,2.883,2781488,1152161
20,1105,241.0,2.41,0.817,0.879,709.3,353.5,2.943,2786125,1163056
21,543,43.9,0.44,0.816,0.877,124.4,58.5,2.832,2777938,1168471
22,1064,139.6,1.4,0.816,0.899,408.7,211.8,2.927,2812732,1187897
23,1060,147.8,1.48,0.815,0.884,429.8,218.7,2.908,2819742,1191158
24,232,11.9,0.12,0.815,0.842,33.7,15.9,2.827,2735806,1187182
25,91,76.1,0.76,0.814,0.857,208.1,98.6,2.736,2785640,1197468
26,259,26.1,0.26,0.813,0.847,71.8,32.6,2.756,2729655,1185280
27,836,17.3,0.17,0.813,0.858,48.6,22.4,2.809,2783008,1152986
28,756,61.1,0.61,0.813,0.89,181.5,93.6,2.972,2736454,1158060
29,1075,246.4,2.46,0.813,0.874,703.7,332.9,2.856,2719318,1181203
30,225,208.5,2.08,0.812,0.895,627.7,334.8,3.011,2808503,1186940
31,814,12.3,0.12,0.811,0.866,35.5,17.4,2.883,2788256,1154160
32,576,18.2,0.18,0.811,0.876,54.3,27.3,2.973,2705933,1167059
33,533,18.2,0.18,0.81,0.867,53.3,26.8,2.931,2796339,1169429
34,187,18.2,0.18,0.81,0.838,50.5,24.4,2.777,2819983,1190226
35,459,69.1,0.69,0.81,0.89,203.1,101.2,2.939,2704253,1174089
36,216,238.8,2.39,0.81,0.879,684.2,341.6,2.865,2787323,1187855
37,483,218.5,2.18,0.81,0.911,618.3,300.9,2.83,2699780,1172277
38,154,239.9,2.4,0.81,0.898,713.4,374.8,2.974,2815791,1190977
39,872,49.4,0.49,0.809,0.873,136.0,63.3,2.752,2736147,1147747
40,92,10.9,0.11,0.809,0.84,30.2,14.8,2.758,2828616,1197680
41,763,118.6,1.19,0.809,0.876,342.3,164.8,2.887,2735879,1156637
42,734,10.6,0.11,0.809,0.851,30.7,15.0,2.889,2702660,1159125
43,640,11.3,0.11,0.808,0.856,31.6,14.4,2.795,2730951,1163671
44,644,78.8,0.79,0.808,0.885,223.9,109.5,2.841,2780595,1163359
45,759,65.8,0.66,0.808,0.86,186.4,87.0,2.832,2785382,1157826
46,242,20.4,0.2,0.808,0.853,55.1,24.7,2.694,2729125,1186426
47,1069,194.6,1.95,0.807,0.892,551.5,274.6,2.835,2808121,1185406
48,765,113.3,1.13,0.806,0.873,325.9,152.6,2.876,2733952,1156553
49,579,28.1,0.28,0.805,0.881,81.4,39.6,2.895,2700476,1166814
50,1109,132.8,1.33,0.804,0.88,384.3,186.5,2.895,2755072,1161043
51,503,19.7,0.2,0.804,0.86,56.0,26.5,2.846,2704667,1171868
52,417,22.2,0.22,0.804,0.848,61.8,30.9,2.779,2804672,1176818
53,627,169.3,1.69,0.804,0.885,489.8,243.2,2.893,2768897,1163665
54,1076,164.2,1.64,0.803,0.893,458.2,220.2,2.79,2800257,1182179
55,768,11.8,0.12,0.803,0.847,32.2,15.0,2.742,2785496,1156909
56,1110,140.9,1.41,0.803,0.902,408.3,195.3,2.898,2702162,1160901
57,607,172.1,1.72,0.802,0.885,496.4,239.2,2.884,2737331,1164094
58,663,30.9,0.31,0.802,0.859,84.9,37.9,2.748,2789218,1162102
59,717,200.9,2.01,0.801,0.892,577.5,281.1,2.875,2740523,1158239
60,509,25.8,0.26,0.801,0.852,71.8,33.8,2.789,2755660,1171535
61,659,110.0,1.1,0.801,0.886,302.0,136.1,2.745,2776085,1162296
62,290,24.9,0.25,0.801,0.876,70.4,34.8,2.822,2802600,1183942
63,284,35.3,0.35,0.801,0.847,100.0,49.4,2.832,2804777,1184289
64,600,87.8,0.88,0.8,0.855,240.8,114.6,2.745,2767376,1165327
65,833,166.8,1.67,0.8,0.876,461.9,208.4,2.769,2770382,1152568
66,1107,219.8,2.2,0.8,0.862,625.0,293.9,2.844,2729167,1161626
67,478,77.9,0.78,0.8,0.874,225.0,113.3,2.886,2798397,1173006
68,610,199.3,1.99,0.8,0.872,571.9,273.3,2.869,2730577,1164595
69,1044,195.4,1.95,0.799,0.878,566.9,292.5,2.901,2826200,1198008
70,909,20.6,0.21,0.799,0.874,58.1,27.0,2.819,2800012,1144017
71,301,249.4,2.49,0.799,0.877,680.3,317.0,2.728,2776929,1182107
72,786,249.2,2.49,0.798,0.876,728.8,362.8,2.925,2783256,1155278
73,441,42.7,0.43,0.797,0.855,120.4,57.2,2.821,2759083,1175033
74,525,114.0,1.14,0.797,0.872,335.1,170.0,2.94,2795335,1169808
75,588,228.2,2.28,0.797,0.865,653.1,322.0,2.861,2791654,1165693
76,620,249.6,2.5,0.797,0.857,702.9,333.6,2.816,2789665,1164369
77,758,54.9,0.55,0.797,0.871,154.5,71.9,2.811,2739509,1157409
78,937,35.4,0.35,0.796,0.862,99.9,47.8,2.818,2771000,1140927
79,1099,181.9,1.82,0.796,0.854,507.6,228.8,2.79,2748117,1165040
80,911,14.3,0.14,0.796,0.875,40.5,18.5,2.827,2799125,1143788
81,1053,85.8,0.86,0.795,0.84,235.7,105.6,2.747,2734452,1188598
82,1059,206.3,2.06,0.795,0.885,606.6,314.5,2.94,2818054,1191663
83,317,54.3,0.54,0.795,0.843,152.9,74.2,2.815,2783846,1182001
84,197,33.5,0.34,0.795,0.887,96.7,49.3,2.888,2814769,1189705
85,657,12.2,0.12,0.794,0.841,34.6,16.4,2.826,2790451,1162677
86,276,94.0,0.94,0.794,0.866,266.2,131.2,2.831,2778721,1184368
87,551,10.6,0.11,0.794,0.834,30.5,14.7,2.873,2694846,1168327
88,567,188.7,1.89,0.794,0.861,543.9,268.2,2.882,2793329,1166937
89,653,242.1,2.42,0.794,0.885,694.0,334.3,2.867,2747811,1162321
90,486,37.8,0.38,0.793,0.849,107.3,50.1,2.839,2714097,1172660
91,624,234.4,2.34,0.793,0.859,672.1,332.8,2.867,2756290,1163703
92,1080,180.1,1.8,0.793,0.876,510.9,242.7,2.836,2715285,1179844
93,1052,76.8,0.77,0.793,0.854,203.7,89.6,2.652,2731946,1188409
94,234,102.7,1.03,0.793,0.865,285.1,128.2,2.777,2730262,1186382
95,275,231.2,2.31,0.793,0.88,642.5,309.8,2.779,2777811,1183838
96,871,17.8,0.18,0.793,0.848,48.5,23.7,2.724,2735497,1147974
97,1100,154.9,1.55,0.793,0.886,434.8,205.3,2.807,2736017,1164769
98,968,165.6,1.66,0.793,0.866,480.9,234.2,2.905,2764509,1137338
99,570,11.0,0.11,0.793,0.877,31.2,15.1,2.837,2700888,1167303
100,575,10.4,0.1,0.793,0.888,29.8,15.0,2.872,2709471,1167243
101,661,246.3,2.46,0.792,0.879,717.0,350.8,2.911,2727222,1160050
102,536,37.1,0.37,0.792,0.863,105.2,49.4,2.837,2776949,1169100
103,482,28.6,0.29,0.792,0.842,78.9,35.4,2.755,2741939,1172953
104,591,89.5,0.9,0.792,0.878,256.0,123.5,2.861,2705541,1165892
105,293,67.6,0.68,0.792,0.859,183.5,83.6,2.715,2768145,1183593
106,451,113.0,1.13,0.792,0.897,326.7,160.8,2.891,2702779,1174065
107,404,20.3,0.2,0.792,0.868,54.7,26.1,2.692,2803405,1177318
108,333,228.2,2.28,0.792,0.889,636.7,297.7,2.789,2712929,1178451
109,732,18.6,0.19,0.792,0.85,51.2,23.6,2.75,2766224,1158939
110,457,64.4,0.64,0.792,0.879,183.6,91.8,2.852,2800085,1173906
111,553,75.2,0.75,0.791,0.884,212.3,100.9,2.821,2695826,1167729
112,557,131.7,1.32,0.79,0.838,372.7,170.4,2.83,2748407,1166814
113,143,197.0,1.97,0.79,0.859,515.3,221.4,2.616,2731888,1190629
114,688,246.9,2.47,0.79,0.89,718.1,364.1,2.908,2742839,1160101
115,1129,214.5,2.14,0.79,0.865,615.1,297.8,2.868,2762036,1136731
116,697,27.9,0.28,0.79,0.868,79.0,36.8,2.833,2749509,1160407
117,389,195.4,1.95,0.79,0.89,554.5,268.2,2.837,2709101,1177791
118,473,13.4,0.13,0.79,0.832,37.1,16.7,2.776,2741998,1173406
119,1083,151.3,1.51,0.789,0.884,417.2,193.6,2.757,2709141,1176348
120,584,49.4,0.49,0.789,0.892,143.0,68.4,2.892,2703458,1166500
121,1103,193.0,1.93,0.789,0.872,528.1,239.2,2.736,2781252,1162057
122,1094,145.2,1.45,0.789,0.837,421.0,199.5,2.899,2726411,1171270
123,851,195.2,1.95,0.789,0.871,558.0,269.2,2.859,2771775,1149173
124,819,49.8,0.5,0.789,0.867,141.1,65.7,2.832,2783720,1153748
125,590,13.6,0.14,0.789,0.822,38.0,18.0,2.801,2700629,1166294
126,931,38.2,0.38,0.789,0.865,106.6,50.3,2.791,2771070,1141581
127,435,31.9,0.32,0.789,0.84,89.6,41.1,2.805,2746615,1175723
128,715,19.2,0.19,0.789,0.879,52.7,24.5,2.738,2705387,1159747
129,98,13.2,0.13,0.789,0.823,37.6,19.2,2.849,2825647,1197114
130,539,11.9,0.12,0.789,0.825,34.7,16.9,2.911,2797399,1169055
131,583,69.0,0.69,0.788,0.882,198.2,96.2,2.873,2706281,1166510
132,108,11.8,0.12,0.788,0.84,32.6,16.0,2.777,2826094,1196070
133,854,97.4,0.97,0.788,0.859,269.9,126.1,2.772,2770869,1149761
134,223,63.9,0.64,0.788,0.86,182.9,94.2,2.86,2780606,1187552
135,1104,179.6,1.8,0.788,0.871,514.2,249.7,2.863,2783863,1162323
136,279,89.4,0.89,0.788,0.85,240.4,109.8,2.688,2768922,1184382
137,194,207.1,2.07,0.788,0.878,604.1,314.1,2.917,2812352,1189325
138,386,43.3,0.43,0.788,0.849,119.6,56.4,2.76,2776788,1177996
139,540,35.8,0.36,0.788,0.856,99.5,45.6,2.784,2794770,1168781
140,467,61.6,0.62,0.787,0.851,171.9,78.5,2.789,2745856,1173411
141,220,25.8,0.26,0.787,0.835,70.2,31.3,2.719,2735788,1187993
142,843,228.8,2.29,0.787,0.88,683.5,358.8,2.987,2758333,1150924
143,895,97.9,0.98,0.787,0.884,279.2,134.0,2.851,2738521,1144731
144,447,63.0,0.63,0.787,0.871,179.2,90.2,2.844,2800604,1174775
145,513,99.4,0.99,0.787,0.867,283.5,138.5,2.851,2777777,1170765
146,1046,182.0,1.82,0.787,0.843,477.3,211.6,2.623,2752818,1192261
147,1092,202.0,2.02,0.787,0.857,556.8,249.4,2.757,2740349,1170632
148,1074,182.8,1.83,0.787,0.853,510.4,237.2,2.792,2721491,1182657
149,632,60.5,0.6,0.787,0.853,167.2,73.7,2.763,2739220,1164037
150,721,50.8,0.51,0.786,0.889,148.2,75.5,2.92,2744297,1159408
151,191,39.3,0.39,0.786,0.84,115.0,60.4,2.926,2821445,1190011
152,822,10.3,0.1,0.786,0.832,28.5,13.0,2.76,2751826,1153984
153,529,51.8,0.52,0.786,0.878,151.8,75.9,2.929,2694931,1169558
154,971,10.7,0.11,0.786,0.849,30.1,14.4,2.817,2766630,1137189
155,805,171.0,1.71,0.786,0.899,500.5,262.3,2.927,2756494,1154371
156,645,13.2,0.13,0.785,0.838,37.1,18.0,2.81,2796382,1163528
157,1067,168.6,1.69,0.785,0.847,458.7,207.3,2.72,2733736,1186656
158,580,264.1,2.64,0.785,0.872,782.1,397.7,2.962,2746040,1166126
159,564,41.4,0.41,0.785,0.823,114.9,51.6,2.777,2739203,1167372
160,1085,233.2,2.33,0.785,0.895,669.6,324.2,2.871,2707299,1177086
161,902,37.1,0.37,0.785,0.87,101.1,46.0,2.727,2800368,1144623
162,218,161.2,1.61,0.785,0.848,441.3,197.1,2.737,2733364,1187685
163,491,205.9,2.06,0.785,0.897,568.7,278.4,2.761,2697640,1171169
164,781,35.9,0.36,0.785,0.854,98.7,45.6,2.745,2765995,1156027
165,415,11.2,0.11,0.785,0.834,32.2,15.9,2.878,2713150,1177128
166,458,145.6,1.46,0.785,0.885,417.5,204.1,2.868,2699300,1173767
167,725,35.1,0.35,0.785,0.836,96.3,42.2,2.742,2785851,1159327
168,747,128.1,1.28,0.785,0.872,356.7,167.4,2.784,2769901,1157701
169,1062,201.8,2.02,0.784,0.868,558.6,269.6,2.768,2777137,1188822
170,592,81.9,0.82,0.784,0.838,228.4,107.1,2.787,2731623,1165722
171,394,86.4,0.86,0.784,0.836,239.2,112.1,2.77,2774982,1177822
172,162,11.4,0.11,0.784,0.849,29.9,13.8,2.629,2784953,1191944
173,792,128.9,1.29,0.784,0.873,374.2,191.0,2.902,2771670,1155210
174,750,16.8,0.17,0.784,0.897,47.6,23.1,2.844,2705295,1158364
175,504,36.1,0.36,0.784,0.877,100.5,48.3,2.786,2718495,1171645
176,973,145.6,1.46,0.784,0.862,398.1,182.4,2.733,2798654,1136598
177,261,21.1,0.21,0.783,0.842,57.4,27.7,2.716,2811177,1185274
178,1121,146.5,1.46,0.783,0.882,415.6,202.4,2.837,2772157,1152606
179,818,28.1,0.28,0.783,0.858,77.6,36.3,2.76,2755174,1153890
180,894,68.0,0.68,0.783,0.864,189.5,83.7,2.787,2732870,1145043
181,157,229.3,2.29,0.783,0.854,618.1,287.6,2.695,2775643,1191581
182,269,178.2,1.78,0.783,0.848,486.8,221.4,2.732,2723964,1184135
183,901,54.1,0.54,0.783,0.845,153.9,71.1,2.847,2730668,1144772
184,463,155.8,1.56,0.783,0.869,436.9,211.1,2.804,2765021,1173709
185,1039,194.6,1.95,0.783,0.873,541.8,271.9,2.784,2784313,1200213
186,495,95.9,0.96,0.783,0.873,270.2,125.1,2.818,2713163,1172058
187,1077,148.7,1.49,0.783,0.869,402.6,185.9,2.708,2776289,1180649
188,705,122.6,1.23,0.782,0.873,354.5,178.2,2.891,2794162,1159802
189,727,42.8,0.43,0.782,0.845,117.3,52.7,2.744,2755157,1159113
190,192,61.6,0.62,0.782,0.879,167.3,77.9,2.718,2781892,1189858
191,860,21.0,0.21,0.782,0.851,56.5,23.5,2.689,2777580,1149533
192,198,16.7,0.17,0.782,0.825,46.9,23.8,2.813,2820122,1189712
193,1073,205.3,2.05,0.782,0.871,558.0,256.6,2.718,2717756,1181163
194,609,118.8,1.19,0.782,0.877,338.2,158.7,2.846,2699844,1165089
195,595,12.2,0.12,0.782,0.858,34.3,16.1,2.812,2794720,1166117
196,153,111.8,1.12,0.782,0.864,311.5,152.9,2.788,2782411,1192142
197,138,231.9,2.32,0.782,0.822,618.5,278.1,2.668,2738520,1192768
198,116,150.0,1.5,0.782,0.89,413.5,206.5,2.757,2789110,1194774
199,508,227.1,2.27,0.782,0.844,649.7,303.9,2.861,2724840,1170897
200,647,19.6,0.2,0.782,0.869,56.9,29.0,2.909,2742872,1163347
201,793,87.2,0.87,0.782,0.852,244.8,112.4,2.806,2733508,1155340
202,780,273.1,2.73,0.782,0.874,783.8,387.2,2.87,2764967,1154996
203,1038,130.6,1.31,0.781,0.868,343.4,163.5,2.629,2783075,1199848
204,676,118.6,1.19,0.781,0.876,352.0,181.1,2.967,2756691,1160923
205,501,21.9,0.22,0.781,0.853,63.5,29.9,2.895,2710611,1171813
206,506,110.8,1.11,0.781,0.854,309.3,148.0,2.792,2775212,1171399
207,202,71.4,0.71,0.781,0.877,198.8,97.9,2.784,2781608,1188829
208,633,18.9,0.19,0.781,0.829,48.4,21.2,2.557,2741687,1164031
209,864,174.8,1.75,0.781,0.859,512.1,259.3,2.929,2763467,1147169
210,1125,277.2,2.77,0.781,0.867,793.0,384.9,2.86,2773316,1149678
211,1123,181.1,1.81,0.781,0.871,525.5,267.6,2.902,2760331,1149751
212,440,44.9,0.45,0.781,0.833,125.2,58.4,2.786,2769027,1175232
213,462,45.8,0.46,0.78,0.864,126.2,58.1,2.759,2741331,1173893
214,132,12.8,0.13,0.78,0.845,34.2,16.8,2.671,2791013,1194045
215,507,53.6,0.54,0.78,0.841,150.0,70.2,2.801,2711759,1171518
216,852,73.2,0.73,0.78,0.872,213.7,111.5,2.919,2778195,1150262
217,1056,356.5,3.56,0.78,0.847,957.3,425.9,2.685,2728220,1189346
218,976,63.9,0.64,0.78,0.846,180.3,85.6,2.823,2759081,1136417
219,1045,107.3,1.07,0.78,0.891,296.1,146.8,2.759,2790267,1194406
220,1041,170.0,1.7,0.779,0.872,453.9,215.5,2.67,2783784,1198432
221,492,13.6,0.14,0.779,0.833,34.9,14.6,2.565,2797568,1172443
222,265,47.4,0.47,0.779,0.883,137.9,72.1,2.911,2804375,1185043
223,1050,305.6,3.06,0.779,0.847,818.4,359.3,2.678,2735846,1191577
224,119,201.7,2.02,0.779,0.883,554.7,281.2,2.75,2791956,1194510
225,1127,193.6,1.94,0.779,0.86,541.7,254.6,2.798,2801842,1144078
226,304,233.6,2.34,0.779,0.869,643.3,299.8,2.754,2719984,1182467
227,341,186.2,1.86,0.779,0.853,530.9,264.0,2.851,2793206,1180576
228,396,71.9,0.72,0.779,0.884,207.8,108.8,2.891,2804551,1177658
229,1049,349.5,3.5,0.778,0.85,931.9,407.9,2.666,2729855,1190193
230,1084,266.7,2.67,0.778,0.883,760.0,370.4,2.85,2705468,1176151
231,670,11.1,0.11,0.778,0.815,31.1,15.7,2.807,2737150,1161855
232,490,89.2,0.89,0.778,0.862,245.3,111.1,2.749,2745732,1172181
233,900,178.6,1.79,0.778,0.851,495.0,233.0,2.771,2802966,1142739
234,550,34.7,0.35,0.777,0.847,98.0,47.6,2.824,2736777,1168259
235,577,25.6,0.26,0.777,0.846,69.6,31.6,2.715,2766057,1167008
236,179,10.1,0.1,0.777,0.845,28.1,13.6,2.776,2822011,1190826
237,189,199.5,2.0,0.777,0.888,540.3,258.8,2.708,2788773,1189588
238,711,27.1,0.27,0.777,0.836,73.6,32.2,2.715,2755237,1159936
239,829,31.8,0.32,0.777,0.852,88.0,39.6,2.773,2766668,1153095
240,1111,108.9,1.09,0.777,0.872,319.5,163.5,2.933,2738622,1159153
241,637,26.1,0.26,0.776,0.862,74.3,36.2,2.842,2704639,1163728
242,1018,110.4,1.1,0.776,0.852,301.0,135.7,2.727,2804009,1125445
243,698,203.1,2.03,0.776,0.867,595.0,298.2,2.929,2760142,1159696
244,426,61.6,0.62,0.776,0.854,168.5,79.3,2.734,2780166,1176381
245,736,14.3,0.14,0.776,0.832,39.1,18.2,2.732,2764967,1159016
246,803,23.2,0.23,0.776,0.834,62.5,27.8,2.697,2746171,1154856
247,496,23.1,0.23,0.776,0.857,63.0,29.3,2.723,2703652,1172212
248,634,11.7,0.12,0.776,0.821,31.2,13.9,2.666,2797317,1164076
249,253,38.2,0.38,0.776,0.879,110.1,57.7,2.884,2805088,1185503
250,1048,268.5,2.68,0.776,0.86,721.4,314.5,2.687,2733830,1191143
251,548,13.4,0.13,0.776,0.843,39.6,19.4,2.963,2797000,1168660
252,611,37.3,0.37,0.775,0.88,105.9,50.3,2.838,2704718,1165093
253,325,50.9,0.51,0.775,0.879,137.4,64.6,2.701,2773024,1181679
254,228,44.8,0.45,0.775,0.839,124.9,62.3,2.787,2816741,1187262
255,599,14.8,0.15,0.775,0.811,40.9,18.2,2.775,2739462,1165794
256,707,12.1,0.12,0.775,0.864,33.0,15.7,2.725,2750016,1160083
257,880,76.8,0.77,0.775,0.858,208.1,101.6,2.712,2736253,1146750
258,700,132.1,1.32,0.775,0.861,381.1,190.3,2.884,2786884,1159894
259,1089,246.2,2.46,0.774,0.858,686.7,333.1,2.789,2770520,1176619
260,171,27.1,0.27,0.774,0.848,71.7,32.1,2.642,2751819,1191150
261,672,36.6,0.37,0.774,0.867,110.5,59.1,3.016,2757989,1161592
262,1055,125.9,1.26,0.774,0.85,340.6,149.7,2.706,2732851,1189171
263,1097,238.5,2.38,0.774,0.862,673.9,314.6,2.825,2748822,1168457
264,445,21.8,0.22,0.774,0.842,61.2,28.2,2.812,2723374,1175026
265,877,27.7,0.28,0.774,0.848,78.3,35.8,2.827,2732743,1147199
266,933,58.4,0.58,0.773,0.864,152.8,69.9,2.616,2800013,1141176
267,801,62.6,0.63,0.773,0.87,179.4,86.3,2.864,2732362,1154710
268,616,13.9,0.14,0.773,0.84,37.5,18.0,2.688,2698148,1165034
269,135,197.6,1.98,0.773,0.858,523.6,236.2,2.65,2754107,1193171
270,1079,240.2,2.4,0.773,0.872,682.9,328.0,2.842,2714096,1180654
271,744,137.1,1.37,0.773,0.875,385.0,183.6,2.808,2756163,1157947
272,844,220.1,2.2,0.773,0.865,624.4,305.4,2.836,2774917,1150404
273,811,98.7,0.99,0.773,0.877,280.1,137.5,2.838,2771958,1154046
274,528,189.2,1.89,0.773,0.834,531.4,243.5,2.808,2750544,1169261
275,675,31.4,0.31,0.773,0.833,80.3,35.6,2.554,2704533,1161621
276,984,16.9,0.17,0.773,0.828,44.6,21.5,2.641,2741085,1134855
277,249,11.2,0.11,0.773,0.833,29.9,14.5,2.675,2823516,1185935
278,266,60.3,0.6,0.772,0.85,158.9,70.0,2.635,2770015,1185140
279,878,101.0,1.01,0.772,0.867,289.2,138.3,2.863,2737911,1146788
280,147,199.4,1.99,0.772,0.836,523.9,231.0,2.627,2746667,1190798
281,523,11.4,0.11,0.772,0.834,30.9,14.9,2.718,2711159,1170170
282,951,10.6,0.11,0.772,0.825,28.6,12.8,2.689,2769712,1139597
283,335,13.6,0.14,0.772,0.869,38.8,19.2,2.851,2717340,1181338
284,199,36.1,0.36,0.772,0.839,96.4,43.8,2.667,2774558,1189280
285,236,23.1,0.23,0.772,0.84,63.2,30.1,2.741,2812265,1186867
286,947,11.1,0.11,0.772,0.849,29.9,13.5,2.687,2799307,1140163
287,753,47.1,0.47,0.772,0.855,135.8,66.1,2.886,2791002,1158289
288,1086,224.3,2.24,0.772,0.882,632.0,296.7,2.818,2703989,1175371
289,730,31.8,0.32,0.772,0.855,89.7,44.2,2.827,2756254,1159091
290,193,173.2,1.73,0.772,0.867,486.4,243.0,2.807,2778645,1189330
291,468,12.1,0.12,0.772,0.815,31.3,14.4,2.581,2799591,1173628
292,652,18.1,0.18,0.771,0.849,47.3,19.6,2.62,2794716,1162989
293,1054,318.4,3.18,0.771,0.861,866.1,385.3,2.72,2733796,1192705
294,472,242.7,2.43,0.771,0.843,663.3,295.5,2.733,2739263,1168918
295,887,39.0,0.39,0.771,0.846,106.1,46.1,2.72,2733104,1146012
296,442,79.6,0.8,0.771,0.863,219.3,108.1,2.755,2798738,1174763
297,431,99.6,1.0,0.771,0.857,286.9,146.4,2.882,2781257,1175668
298,1120,217.0,2.17,0.771,0.871,599.4,278.9,2.762,2751087,1152858
299,36,17.9,0.18,0.771,0.818,45.7,20.6,2.559,2764437,1208163
300,401,32.8,0.33,0.771,0.832,88.1,39.4,2.684,2731293,1177673
301,687,19.8,0.2,0.771,0.837,50.4,21.5,2.55,2746805,1160715
302,256,36.7,0.37,0.771,0.86,99.5,46.8,2.713,2778956,1185597
303,568,119.9,1.2,0.771,0.849,343.4,167.4,2.863,2738201,1166926
304,500,117.3,1.17,0.771,0.862,329.0,159.4,2.805,2776790,1171623
305,240,28.2,0.28,0.77,0.83,74.6,33.2,2.648,2780590,1186571
306,239,83.2,0.83,0.77,0.856,232.2,115.2,2.79,2778925,1186391
307,622,19.9,0.2,0.77,0.83,55.0,25.5,2.767,2755192,1164688
308,613,13.2,0.13,0.77,0.862,36.1,16.5,2.738,2702778,1165249
309,370,16.2,0.16,0.77,0.836,42.7,20.7,2.625,2803906,1179469
310,535,24.3,0.24,0.77,0.825,64.6,27.7,2.657,2793792,1169267
311,1098,119.9,1.2,0.769,0.867,350.9,178.8,2.927,2746846,1167546
312,1081,220.7,2.21,0.769,0.853,609.4,290.5,2.761,2773552,1178636
313,207,17.2,0.17,0.769,0.824,45.6,21.4,2.656,2782524,1188923
314,241,11.6,0.12,0.769,0.821,30.5,13.0,2.621,2731158,1186688
315,1124,152.9,1.53,0.769,0.873,416.7,197.1,2.726,2776595,1150201
316,572,17.0,0.17,0.769,0.809,44.6,20.5,2.623,2701459,1167193
317,70,38.9,0.39,0.769,0.838,101.2,46.9,2.604,2782126,1200680
318,966,11.8,0.12,0.769,0.864,32.6,15.8,2.762,2769792,1137988
319,328,187.2,1.87,0.769,0.881,535.4,272.6,2.86,2774630,1181156
320,429,26.6,0.27,0.769,0.85,72.8,33.2,2.734,2758488,1175991
321,1013,172.2,1.72,0.768,0.841,480.9,218.5,2.792,2725616,1128103
322,728,50.1,0.5,0.768,0.864,139.9,68.5,2.79,2703090,1158983
323,103,12.9,0.13,0.768,0.837,33.9,15.8,2.62,2788017,1196787
324,186,12.9,0.13,0.768,0.809,33.7,15.0,2.614,2782863,1190526
325,695,58.4,0.58,0.768,0.86,164.1,78.5,2.811,2771283,1160106
326,363,65.9,0.66,0.768,0.863,182.3,88.0,2.764,2799731,1179602
327,476,25.6,0.26,0.768,0.834,70.9,33.5,2.766,2717044,1173139
328,927,69.3,0.69,0.768,0.849,184.1,79.8,2.655,2740147,1141656
329,704,124.3,1.24,0.768,0.851,344.7,152.8,2.773,2740468,1159859
330,185,21.6,0.22,0.768,0.817,59.6,27.6,2.762,2773330,1190316
331,295,79.8,0.8,0.767,0.866,219.2,103.9,2.748,2776817,1183563
332,322,249.1,2.49,0.767,0.877,676.6,321.1,2.716,2795848,1181307
333,238,46.9,0.47,0.767,0.837,134.8,69.2,2.872,2815729,1186496
334,521,11.6,0.12,0.767,0.805,29.9,12.5,2.583,2745839,1170689
335,560,41.6,0.42,0.767,0.847,117.0,56.2,2.814,2744287,1167595
336,1091,229.2,2.29,0.766,0.865,614.1,273.1,2.679,2740657,1172454
337,1071,183.9,1.84,0.766,0.875,513.1,252.6,2.79,2774958,1182882
338,1078,184.6,1.85,0.766,0.866,515.3,243.0,2.791,2712763,1179994
339,1122,165.3,1.65,0.766,0.848,463.5,218.8,2.804,2780096,1152419
340,1102,98.1,0.98,0.766,0.874,280.2,139.4,2.856,2770109,1164012
341,243,12.6,0.13,0.766,0.837,34.2,16.6,2.71,2823820,1186534
342,321,41.0,0.41,0.766,0.859,110.6,51.9,2.697,2764527,1181741
343,514,63.8,0.64,0.766,0.848,181.8,91.2,2.848,2797059,1171098
344,277,90.1,0.9,0.766,0.832,241.1,107.7,2.676,2755295,1184305
345,812,12.4,0.12,0.766,0.847,35.9,18.6,2.89,2751047,1154234
346,456,140.1,1.4,0.766,0.844,403.5,188.6,2.881,2727275,1173846
347,754,21.3,0.21,0.766,0.859,60.0,27.9,2.818,2742414,1158293
348,665,13.1,0.13,0.766,0.83,39.0,20.9,2.982,2757709,1162145
349,959,27.3,0.27,0.766,0.844,74.7,33.4,2.735,2732175,1138483
350,196,13.1,0.13,0.766,0.839,36.0,17.3,2.757,2828663,1189883
351,209,36.8,0.37,0.766,0.84,106.1,54.4,2.882,2818862,1188645
352,608,25.1,0.25,0.766,0.865,72.8,36.8,2.898,2737861,1165191
353,873,10.5,0.1,0.765,0.826,29.5,13.7,2.805,2761486,1147999
354,982,89.6,0.9,0.765,0.843,245.2,111.9,2.737,2798061,1135289
355,252,15.0,0.15,0.765,0.82,40.0,18.5,2.664,2785710,1185776
356,391,30.6,0.31,0.765,0.822,83.1,37.3,2.714,2747931,1178027
357,393,45.4,0.45,0.765,0.834,124.7,57.3,2.749,2732322,1178138
358,885,107.9,1.08,0.765,0.85,304.0,141.6,2.818,2772051,1145899
359,351,188.3,1.88,0.765,0.856,530.2,256.7,2.816,2775118,1179413
360,518,153.1,1.53,0.765,0.862,445.6,228.8,2.911,2793420,1170460
361,635,87.8,0.88,0.765,0.844,243.8,115.9,2.778,2758842,1163442
362,618,93.6,0.94,0.764,0.861,262.6,127.0,2.804,2759989,1164823
363,1065,199.0,1.99,0.764,0.839,536.4,238.3,2.696,2725543,1186819
364,563,27.3,0.27,0.764,0.858,75.2,34.4,2.754,2777861,1167633
365,578,34.8,0.35,0.764,0.838,99.0,48.7,2.844,2750600,1166891
366,471,162.6,1.63,0.764,0.863,468.3,236.4,2.881,2796306,1173140
367,899,12.1,0.12,0.764,0.834,31.8,14.5,2.622,2800853,1144848
368,977,23.4,0.23,0.764,0.838,63.4,30.2,2.707,2759738,1136464
369,311,65.9,0.66,0.764,0.873,176.5,79.9,2.677,2767437,1182627
370,542,106.1,1.06,0.764,0.84,292.6,134.3,2.757,2756774,1168134
371,534,46.5,0.46,0.764,0.841,132.2,65.0,2.844,2752533,1169084
372,636,35.4,0.35,0.764,0.882,100.3,50.6,2.834,2779421,1163754
373,840,59.5,0.6,0.764,0.847,171.5,83.7,2.882,2738134,1152030
374,699,21.6,0.22,0.764,0.877,63.2,32.3,2.921,2792955,1160330
375,448,61.3,0.61,0.764,0.847,170.8,77.0,2.786,2728375,1174718
376,919,222.6,2.23,0.764,0.869,597.6,268.5,2.685,2769367,1141522
377,797,17.4,0.17,0.764,0.863,50.3,27.4,2.884,2755271,1155172
378,681,10.2,0.1,0.764,0.821,27.4,12.7,2.675,2788627,1161127
379,134,13.9,0.14,0.764,0.86,39.7,20.8,2.863,2793384,1193838
380,405,201.3,2.01,0.764,0.852,562.7,270.3,2.795,2768569,1176189
381,1101,136.7,1.37,0.764,0.86,395.1,194.0,2.891,2728810,1163224
382,917,44.8,0.45,0.763,0.848,122.6,53.7,2.739,2799292,1142327
383,718,12.2,0.12,0.763,0.803,35.4,18.2,2.89,2747092,1159669
384,383,143.4,1.43,0.763,0.864,377.8,168.9,2.635,2764383,1177583
385,664,158.0,1.58,0.763,0.865,440.9,201.0,2.791,2738567,1161531
386,808,17.9,0.18,0.763,0.838,52.2,27.4,2.923,2751017,1154740
387,709,11.4,0.11,0.762,0.8,31.5,14.1,2.766,2762061,1159979
388,168,20.2,0.2,0.762,0.851,54.5,25.7,2.698,2781473,1191516
389,974,12.7,0.13,0.762,0.823,35.1,15.8,2.768,2733458,1136837
390,481,18.1,0.18,0.762,0.83,49.5,23.4,2.742,2698080,1172974
391,423,51.5,0.52,0.762,0.824,139.7,62.3,2.714,2729172,1175943
392,643,173.1,1.73,0.762,0.864,480.6,228.8,2.777,2771482,1162233
393,1009,19.9,0.2,0.762,0.838,53.5,23.9,2.694,2731217,1129968
394,230,12.5,0.12,0.762,0.799,35.0,16.0,2.801,2729971,1187214
395,233,221.3,2.21,0.762,0.855,631.8,320.0,2.855,2790010,1186490
396,615,65.3,0.65,0.762,0.856,185.3,88.4,2.837,2696518,1164882
397,167,10.4,0.1,0.761,0.812,26.2,12.0,2.525,2740040,1191457
398,1118,252.4,2.52,0.761,0.856,695.8,317.5,2.757,2763839,1153381
399,598,19.1,0.19,0.761,0.826,56.3,29.2,2.952,2743823,1165745
400,915,30.3,0.3,0.761,0.842,83.5,37.1,2.755,2733370,1143129
401,173,14.0,0.14,0.761,0.809,36.7,16.8,2.623,2771313,1191049
402,302,15.7,0.16,0.761,0.799,42.9,20.5,2.735,2787425,1183465
403,124,18.9,0.19,0.761,0.803,53.5,27.4,2.823,2826577,1194732
404,139,43.6,0.44,0.761,0.829,116.5,55.7,2.671,2792960,1193383
405,111,24.9,0.25,0.761,0.825,65.5,31.9,2.634,2787895,1195441
406,1008,213.7,2.14,0.761,0.861,583.5,267.2,2.731,2808089,1129489
407,1113,124.8,1.25,0.761,0.851,347.0,159.7,2.781,2731474,1157679
408,1126,147.8,1.48,0.761,0.866,440.6,229.9,2.982,2761954,1148379
409,385,30.6,0.31,0.761,0.826,82.9,37.9,2.707,2775537,1178284
410,175,10.3,0.1,0.761,0.815,27.3,13.0,2.65,2740350,1190915
411,662,24.3,0.24,0.76,0.829,66.3,31.0,2.728,2796109,1162403
412,906,26.1,0.26,0.76,0.865,74.6,37.6,2.863,2758355,1144124
413,392,114.2,1.14,0.76,0.84,306.8,139.3,2.687,2757750,1177920
414,701,38.5,0.38,0.76,0.856,112.6,57.1,2.925,2781608,1160027
415,384,168.1,1.68,0.76,0.874,479.7,241.8,2.854,2798524,1178102
416,1051,229.1,2.29,0.76,0.853,614.5,271.0,2.682,2730977,1191748
417,817,64.1,0.64,0.76,0.827,179.7,81.5,2.805,2742318,1153880
418,141,243.8,2.44,0.76,0.845,640.6,291.0,2.627,2767033,1192521
419,861,10.2,0.1,0.76,0.833,27.5,11.7,2.685,2732390,1149483
420,270,37.2,0.37,0.76,0.817,97.9,43.1,2.633,2723061,1184971
421,978,34.0,0.34,0.76,0.848,94.7,42.7,2.785,2732420,1136438
422,565,54.9,0.55,0.759,0.855,153.6,70.5,2.799,2773483,1167208
423,414,47.4,0.47,0.759,0.825,128.2,57.2,2.702,2747366,1176843
424,641,40.4,0.4,0.759,0.875,110.4,52.4,2.733,2775426,1163432
425,884,104.1,1.04,0.759,0.868,283.9,130.9,2.728,2800343,1145805
426,263,196.6,1.97,0.759,0.855,541.8,263.6,2.755,2787425,1184415
427,200,64.8,0.65,0.759,0.856,181.2,91.9,2.796,2779867,1188970
428,845,61.4,0.61,0.759,0.84,168.0,76.4,2.735,2770665,1151176
429,869,44.7,0.45,0.759,0.821,131.0,65.9,2.932,2738333,1148031
430,876,224.0,2.24,0.759,0.85,654.8,334.3,2.923,2765774,1146760
431,1012,45.6,0.46,0.759,0.84,126.1,56.8,2.764,2725898,1129423
432,34,42.6,0.43,0.759,0.821,109.4,49.6,2.567,2765690,1208490
433,224,20.8,0.21,0.759,0.815,58.9,30.0,2.828,2817419,1187650
434,686,53.5,0.54,0.759,0.85,152.3,75.9,2.846,2787895,1160682
435,343,39.6,0.4,0.759,0.847,106.3,49.2,2.688,2711053,1180567
436,932,12.5,0.12,0.759,0.816,34.0,16.1,2.717,2759385,1141744
437,347,17.7,0.18,0.759,0.846,47.5,21.5,2.686,2773293,1180356
438,449,35.5,0.36,0.759,0.831,99.4,44.6,2.801,2725841,1174838
439,231,15.2,0.15,0.758,0.809,39.4,17.1,2.596,2728488,1187168
440,581,17.6,0.18,0.758,0.845,52.7,26.1,2.988,2796285,1166895
441,205,10.9,0.11,0.758,0.827,27.7,11.6,2.548,2730728,1189119
442,796,145.4,1.45,0.758,0.854,411.9,194.7,2.833,2790361,1154598
443,939,11.6,0.12,0.758,0.837,30.5,13.6,2.638,2801546,1141063
444,597,161.7,1.62,0.758,0.862,436.3,197.8,2.698,2780321,1165541
445,438,171.3,1.71,0.758,0.857,467.9,223.9,2.731,2765923,1174854
446,552,10.2,0.1,0.758,0.793,26.2,11.5,2.556,2701587,1168070
447,62,75.2,0.75,0.758,0.828,198.3,91.2,2.637,2778010,1202788
448,835,44.4,0.44,0.757,0.845,124.7,59.1,2.806,2738064,1152931
449,666,194.0,1.94,0.757,0.858,533.5,242.8,2.75,2744356,1161735
450,964,63.0,0.63,0.757,0.855,180.1,87.6,2.859,2766214,1137847
451,952,215.7,2.16,0.757,0.858,581.3,265.4,2.695,2768787,1138733
452,953,51.5,0.52,0.757,0.823,137.2,60.9,2.665,2804802,1138815
453,235,26.3,0.26,0.757,0.846,72.6,35.4,2.76,2779487,1186932
454,84,17.4,0.17,0.757,0.835,43.5,20.3,2.506,2783290,1198343
455,271,22.8,0.23,0.757,0.825,60.1,29.1,2.641,2806370,1184951
456,970,31.1,0.31,0.757,0.819,87.3,39.7,2.805,2734444,1137138
457,770,12.0,0.12,0.757,0.852,33.4,16.1,2.78,2728665,1156828
458,585,30.3,0.3,0.757,0.833,80.8,34.8,2.665,2773374,1166590
459,735,182.2,1.82,0.756,0.851,522.5,256.9,2.868,2778772,1158405
460,177,54.6,0.55,0.756,0.818,145.6,64.9,2.666,2737514,1190419
461,865,32.5,0.32,0.756,0.844,90.9,41.9,2.798,2768552,1148374
462,685,17.3,0.17,0.756,0.807,47.4,21.2,2.736,2762442,1160882
463,408,28.2,0.28,0.756,0.806,78.9,39.3,2.801,2785411,1177213
464,749,10.5,0.1,0.756,0.819,26.9,11.5,2.56,2765759,1158488
465,155,40.2,0.4,0.756,0.827,106.6,49.8,2.654,2764383,1192043
466,215,105.7,1.06,0.756,0.839,296.6,149.3,2.806,2807358,1187781
467,994,14.2,0.14,0.755,0.8,37.4,16.2,2.627,2742377,1132824
468,556,52.9,0.53,0.755,0.838,143.6,62.0,2.713,2735563,1167647
469,589,12.2,0.12,0.755,0.816,30.2,12.9,2.474,2741573,1166406
470,708,21.2,0.21,0.755,0.846,61.3,31.9,2.886,2757675,1159860
471,344,78.9,0.79,0.755,0.84,220.9,114.1,2.801,2823138,1180414
472,1116,167.8,1.68,0.755,0.855,465.4,225.8,2.774,2771098,1157198
473,349,14.9,0.15,0.755,0.824,37.4,16.1,2.512,2764567,1180262
474,296,35.3,0.35,0.755,0.841,90.7,38.9,2.57,2765088,1183744
475,858,178.2,1.78,0.755,0.857,500.4,228.5,2.807,2730896,1149353
476,949,52.9,0.53,0.755,0.805,144.7,65.8,2.737,2728212,1139472
477,530,14.2,0.14,0.755,0.835,39.2,18.8,2.754,2696918,1169785
478,929,11.7,0.12,0.754,0.838,30.5,13.4,2.613,2801463,1141854
479,898,24.9,0.25,0.754,0.858,69.1,31.5,2.769,2731875,1144963
480,997,14.2,0.14,0.754,0.822,38.4,16.9,2.693,2732140,1132631
481,658,91.8,0.92,0.754,0.894,258.0,118.8,2.812,2703526,1162355
482,962,20.1,0.2,0.754,0.852,57.7,28.4,2.865,2732887,1138501
483,150,27.5,0.28,0.754,0.821,72.6,32.1,2.641,2769160,1192720
484,649,11.6,0.12,0.754,0.805,33.3,16.3,2.864,2796966,1163109
485,461,93.2,0.93,0.754,0.849,260.6,118.7,2.797,2722805,1173916
486,639,10.6,0.11,0.754,0.826,26.2,11.1,2.469,2741800,1163628
487,773,10.8,0.11,0.753,0.814,30.3,15.1,2.807,2789923,1156749
488,166,92.5,0.92,0.753,0.834,245.9,112.0,2.658,2773034,1190928
489,289,19.8,0.2,0.753,0.798,51.2,22.9,2.592,2762881,1184103
490,562,11.2,0.11,0.753,0.828,31.0,14.3,2.768,2736204,1167724
491,353,60.1,0.6,0.753,0.827,157.9,68.6,2.626,2744192,1180035
492,359,18.0,0.18,0.753,0.796,48.0,21.4,2.667,2759684,1179965
493,130,11.9,0.12,0.753,0.815,32.0,15.1,2.683,2756508,1194270
494,823,156.1,1.56,0.753,0.858,455.8,232.1,2.92,2758755,1153519
495,1037,259.3,2.59,0.753,0.859,712.4,357.6,2.747,2829326,1200692
496,825,34.3,0.34,0.753,0.831,96.6,47.9,2.815,2740250,1153612
497,692,41.6,0.42,0.752,0.842,112.7,48.7,2.706,2701271,1160332
498,149,19.8,0.2,0.752,0.824,51.8,23.3,2.616,2770208,1192840
499,83,14.9,0.15,0.752,0.868,38.4,18.2,2.584,2785995,1198534
500,985,137.9,1.38,0.752,0.841,380.1,173.4,2.757,2797372,1134413
501,502,158.8,1.59,0.752,0.889,442.1,214.2,2.784,2695626,1170405
502,824,222.7,2.23,0.752,0.859,636.6,309.5,2.859,2749674,1151664
503,250,10.2,0.1,0.752,0.791,26.3,12.2,2.562,2805765,1185792
504,1088,152.9,1.53,0.752,0.842,422.1,202.5,2.761,2767214,1176665
505,174,23.0,0.23,0.752,0.841,64.3,32.3,2.794,2814567,1190978
506,683,128.9,1.29,0.752,0.839,361.9,176.2,2.808,2773379,1160722
507,740,154.9,1.55,0.752,0.859,428.6,193.9,2.767,2732479,1158252
508,373,50.1,0.5,0.751,0.817,134.1,59.8,2.675,2759026,1178769
509,152,29.9,0.3,0.751,0.833,77.3,35.7,2.581,2765680,1192288
510,336,41.1,0.41,0.751,0.86,115.8,56.0,2.816,2709043,1181088
511,455,11.4,0.11,0.751,0.845,32.2,15.3,2.827,2722338,1174447
512,875,11.9,0.12,0.751,0.83,34.0,16.2,2.848,2767653,1147818
513,904,15.8,0.16,0.751,0.819,46.1,23.6,2.913,2766367,1144702
514,776,23.7,0.24,0.751,0.883,64.0,29.0,2.701,2748451,1156251
515,425,86.7,0.87,0.751,0.849,237.0,107.5,2.734,2701558,1176196
516,907,18.1,0.18,0.75,0.803,48.0,20.6,2.646,2733321,1144160
517,195,177.7,1.78,0.75,0.838,522.0,272.4,2.938,2806946,1189319
518,466,31.1,0.31,0.75,0.815,90.0,45.3,2.893,2798035,1173717
519,918,66.1,0.66,0.75,0.856,188.6,92.7,2.855,2767936,1142394
520,372,58.4,0.58,0.75,0.832,157.0,74.3,2.69,2785039,1178964
521,63,39.7,0.4,0.75,0.823,102.8,46.9,2.589,2782838,1202319
522,935,107.4,1.07,0.75,0.858,293.3,131.0,2.73,2733123,1140972
523,488,36.8,0.37,0.75,0.823,103.8,46.9,2.82,2727088,1172497
524,184,11.5,0.12,0.749,0.786,28.5,12.2,2.478,2774752,1190619
525,914,17.1,0.17,0.749,0.808,44.8,19.9,2.616,2758550,1143233
526,605,48.6,0.49,0.749,0.823,136.0,66.5,2.8,2757412,1165338
527,1006,22.4,0.22,0.749,0.815,61.2,28.0,2.737,2727243,1130462
528,248,226.7,2.27,0.749,0.849,626.3,307.8,2.763,2790694,1185219
529,324,20.7,0.21,0.749,0.815,59.3,29.3,2.864,2722237,1181882
530,497,38.8,0.39,0.749,0.833,109.0,51.5,2.809,2799278,1171815
531,460,19.6,0.2,0.749,0.819,51.3,23.7,2.613,2700994,1173994
532,896,48.4,0.48,0.749,0.81,132.4,60.4,2.737,2761592,1145058
533,309,11.8,0.12,0.749,0.803,30.2,13.3,2.561,2755735,1183014
534,315,34.6,0.35,0.749,0.85,93.0,43.7,2.685,2764907,1182444
535,1014,135.6,1.36,0.749,0.846,369.6,170.9,2.725,2809868,1127403
536,446,21.2,0.21,0.749,0.867,55.6,25.8,2.618,2763954,1174967
537,399,31.9,0.32,0.749,0.818,84.1,38.9,2.638,2781252,1177881
538,1114,169.8,1.7,0.749,0.846,503.0,263.8,2.963,2757784,1157888
539,204,218.9,2.19,0.749,0.835,597.3,267.6,2.728,2724251,1187589
540,930,10.5,0.1,0.749,0.834,27.9,12.3,2.661,2801009,1141777
541,1115,202.5,2.02,0.748,0.849,567.4,263.4,2.802,2759693,1157813
542,371,255.8,2.56,0.748,0.834,704.5,342.5,2.755,2771816,1177571
543,356,35.1,0.35,0.748,0.815,95.2,44.3,2.711,2758151,1180063
544,910,33.6,0.34,0.748,0.843,97.4,50.1,2.902,2763260,1143738
545,867,85.3,0.85,0.748,0.837,230.6,105.1,2.703,2729122,1147712
546,99,11.9,0.12,0.748,0.817,31.1,13.7,2.617,2765426,1197055
547,286,164.4,1.64,0.748,0.838,465.0,232.4,2.829,2791568,1183627
548,68,359.1,3.59,0.748,0.854,968.2,466.0,2.696,2786656,1199744
549,628,153.3,1.53,0.748,0.851,434.1,207.7,2.831,2744534,1163808
550,863,42.9,0.43,0.748,0.836,122.1,60.2,2.847,2767006,1148940
551,764,13.4,0.13,0.748,0.81,37.0,18.3,2.769,2764257,1157655
552,892,10.2,0.1,0.748,0.871,27.4,12.5,2.673,2737287,1145506
553,213,80.2,0.8,0.748,0.85,223.0,108.7,2.781,2789754,1188348
554,1015,17.5,0.18,0.748,0.821,47.5,20.4,2.712,2724900,1127244
555,66,201.1,2.01,0.748,0.861,554.0,273.5,2.755,2828110,1199685
556,969,26.2,0.26,0.748,0.863,72.8,34.5,2.779,2767894,1137109
557,318,46.0,0.46,0.747,0.843,123.3,56.0,2.681,2756722,1181954
558,850,122.4,1.22,0.747,0.851,341.9,159.8,2.793,2766756,1150405
559,1000,70.4,0.7,0.747,0.837,193.4,87.2,2.748,2798071,1131829
560,561,19.8,0.2,0.747,0.829,55.5,26.7,2.803,2736969,1167705
561,679,16.2,0.16,0.747,0.85,45.1,20.3,2.787,2749833,1161141
562,387,22.2,0.22,0.747,0.804,58.5,26.0,2.635,2758634,1178331
563,31,72.8,0.73,0.747,0.806,184.6,82.6,2.536,2771728,1208645
564,742,40.3,0.4,0.747,0.816,115.0,56.2,2.853,2796242,1158628
565,905,28.3,0.28,0.747,0.837,80.6,42.0,2.848,2758873,1144377
566,188,15.0,0.15,0.747,0.789,43.6,22.9,2.908,2822544,1190345
567,287,41.1,0.41,0.747,0.829,115.1,55.8,2.798,2805839,1184036
568,452,18.8,0.19,0.747,0.836,50.9,23.6,2.707,2700022,1174522
569,660,12.8,0.13,0.746,0.819,35.1,15.3,2.755,2739791,1162559
570,566,11.9,0.12,0.746,0.843,31.3,13.7,2.623,2730072,1167534
571,546,38.2,0.38,0.746,0.837,106.8,50.6,2.797,2724427,1168580
572,625,13.4,0.13,0.746,0.83,34.3,15.3,2.568,2705710,1164486
573,788,48.5,0.48,0.746,0.828,137.3,66.8,2.832,2791130,1155418
574,380,156.8,1.57,0.746,0.85,441.8,219.6,2.817,2767437,1178205
575,908,20.7,0.21,0.745,0.779,54.3,24.4,2.625,2757670,1143981
576,696,13.0,0.13,0.745,0.851,38.3,20.1,2.948,2784069,1160462
577,569,55.2,0.55,0.745,0.823,148.6,64.9,2.692,2731378,1167182
578,450,55.2,0.55,0.745,0.845,152.7,68.6,2.768,2746836,1174330
579,924,29.1,0.29,0.745,0.823,78.6,33.8,2.698,2732592,1142142
580,292,43.2,0.43,0.745,0.851,108.8,47.7,2.52,2763474,1183924
581,247,51.7,0.52,0.745,0.83,138.3,61.8,2.675,2770714,1185861
582,516,12.7,0.13,0.744,0.848,33.5,15.4,2.642,2777113,1171080
583,1082,126.9,1.27,0.744,0.85,362.1,184.3,2.854,2765174,1178321
584,693,56.1,0.56,0.744,0.852,146.4,62.4,2.611,2782661,1159978
585,1106,135.8,1.36,0.744,0.857,393.8,203.8,2.901,2772475,1163174
586,146,157.6,1.58,0.744,0.832,409.4,184.0,2.598,2745354,1192219
587,48,76.2,0.76,0.744,0.839,220.1,111.4,2.886,2820956,1205490
588,879,30.4,0.3,0.744,0.844,84.3,39.9,2.777,2731051,1147202
589,981,25.7,0.26,0.744,0.854,69.7,30.5,2.714,2733013,1135871
590,402,96.4,0.96,0.743,0.816,271.0,134.8,2.81,2793588,1177302
591,706,50.3,0.5,0.743,0.875,138.4,67.4,2.751,2745206,1159902
592,364,21.0,0.21,0.743,0.87,56.3,26.7,2.683,2712106,1179546
593,942,35.2,0.35,0.743,0.856,93.5,42.7,2.653,2800812,1140097
594,799,10.2,0.1,0.743,0.821,28.7,13.1,2.822,2743487,1155090
595,778,40.3,0.4,0.743,0.828,109.5,50.3,2.716,2790267,1156070
596,145,56.4,0.56,0.743,0.816,144.1,63.1,2.557,2765292,1193096
597,330,26.7,0.27,0.743,0.814,68.9,30.6,2.58,2770587,1181462
598,938,35.5,0.36,0.743,0.848,96.7,42.7,2.725,2734089,1140601
599,493,21.3,0.21,0.743,0.81,61.6,29.6,2.891,2725316,1172438
600,957,72.1,0.72,0.743,0.833,194.5,86.0,2.699,2734832,1138511
601,847,16.4,0.16,0.743,0.836,43.8,20.8,2.663,2756674,1151346
602,642,13.2,0.13,0.743,0.784,33.5,15.1,2.541,2798492,1163635
603,656,10.9,0.11,0.743,0.847,29.3,14.0,2.682,2742907,1162747
604,214,33.9,0.34,0.743,0.846,88.0,41.2,2.599,2780931,1188248
605,60,15.0,0.15,0.743,0.809,39.4,18.3,2.625,2782031,1203253
606,866,33.8,0.34,0.743,0.824,97.8,47.4,2.893,2728002,1148274
607,49,23.2,0.23,0.743,0.803,60.6,29.2,2.606,2823157,1205622
608,596,15.1,0.15,0.743,0.854,41.0,18.6,2.722,2735177,1166001
609,547,248.1,2.48,0.742,0.818,696.4,324.2,2.806,2722985,1167996
610,520,82.9,0.83,0.742,0.818,225.5,101.4,2.72,2735932,1170628
611,416,32.8,0.33,0.742,0.831,87.1,40.7,2.659,2798527,1176942
612,229,107.1,1.07,0.742,0.848,302.1,152.6,2.822,2805245,1186934
613,741,14.4,0.14,0.742,0.855,39.8,18.4,2.765,2701992,1158870
614,891,49.6,0.5,0.742,0.843,142.6,71.3,2.873,2767026,1145540
615,992,59.2,0.59,0.741,0.838,162.5,75.2,2.745,2805302,1133252
616,689,49.1,0.49,0.741,0.841,143.9,68.2,2.93,2789127,1160177
617,484,24.2,0.24,0.741,0.792,67.2,32.3,2.77,2778413,1172957
618,714,22.4,0.22,0.741,0.804,55.3,19.9,2.463,2783533,1159735
619,206,11.8,0.12,0.741,0.814,30.5,14.3,2.582,2775071,1189067
620,67,15.9,0.16,0.741,0.799,43.9,21.3,2.754,2757107,1201084
621,1095,191.0,1.91,0.741,0.814,533.6,243.4,2.794,2723034,1170105
622,342,23.9,0.24,0.741,0.852,61.7,27.3,2.584,2769862,1180760
623,319,83.2,0.83,0.741,0.848,236.0,122.3,2.836,2794000,1181701
624,669,10.6,0.11,0.741,0.809,30.3,14.9,2.868,2728122,1162036
625,59,48.9,0.49,0.741,0.812,126.5,57.5,2.588,2777037,1203508
626,667,16.1,0.16,0.741,0.839,43.2,18.0,2.676,2786207,1162153
627,1043,111.9,1.12,0.74,0.843,317.2,162.3,2.834,2828249,1196379
628,841,65.2,0.65,0.74,0.841,190.6,100.1,2.923,2774023,1151864
629,648,213.4,2.13,0.74,0.84,597.6,287.3,2.8,2800275,1162349
630,40,161.2,1.61,0.74,0.841,445.7,223.3,2.764,2824974,1207213
631,517,19.2,0.19,0.74,0.814,56.9,29.3,2.958,2823162,1170875
632,444,10.8,0.11,0.74,0.813,28.2,12.4,2.606,2767315,1175183
633,955,12.8,0.13,0.74,0.809,34.4,15.4,2.701,2766726,1139040
634,777,12.4,0.12,0.74,0.843,33.1,14.1,2.663,2750342,1156365
635,751,19.9,0.2,0.74,0.833,56.5,29.3,2.833,2764427,1158362
636,673,12.8,0.13,0.739,0.808,35.1,16.4,2.752,2797105,1161847
637,1108,108.6,1.09,0.739,0.825,274.4,104.9,2.526,2740017,1161899
638,991,80.2,0.8,0.739,0.817,217.9,96.1,2.717,2726534,1133501
639,170,20.3,0.2,0.739,0.845,56.3,27.9,2.772,2829304,1191356
640,1117,140.4,1.4,0.739,0.805,404.0,196.0,2.878,2797024,1158119
641,926,11.8,0.12,0.739,0.849,33.3,15.8,2.837,2767749,1142064
642,156,18.9,0.19,0.739,0.817,47.4,21.0,2.51,2763645,1192170
643,340,185.5,1.86,0.738,0.862,479.3,203.9,2.584,2766765,1180629
644,1011,18.7,0.19,0.738,0.84,50.3,22.5,2.692,2731642,1129350
645,558,14.8,0.15,0.738,0.848,39.3,17.8,2.656,2729854,1167802
646,32,29.6,0.3,0.738,0.823,73.3,31.4,2.476,2764746,1208839
647,123,34.8,0.35,0.738,0.814,87.5,38.2,2.517,2749151,1194726
648,403,98.6,0.99,0.738,0.83,262.1,119.3,2.659,2742915,1177126
649,815,20.2,0.2,0.738,0.832,60.2,31.3,2.972,2741294,1154185
650,439,160.1,1.6,0.738,0.844,435.1,199.2,2.718,2740164,1175230
651,433,58.1,0.58,0.738,0.84,158.1,73.8,2.719,2766425,1175716
652,222,176.4,1.76,0.738,0.835,474.3,213.0,2.688,2722644,1186270
653,122,15.9,0.16,0.738,0.782,41.4,18.2,2.6,2773836,1194787
654,719,10.3,0.1,0.737,0.839,29.8,15.0,2.892,2780480,1159659
655,694,14.6,0.15,0.737,0.834,37.4,16.2,2.559,2778045,1160466
656,934,11.8,0.12,0.737,0.869,31.6,14.4,2.678,2800418,1141431
657,748,10.4,0.1,0.737,0.791,26.4,10.7,2.527,2755401,1158624
658,127,13.9,0.14,0.737,0.821,35.8,15.9,2.57,2773237,1194528
659,587,15.9,0.16,0.737,0.839,42.0,18.8,2.647,2728284,1166484
660,244,96.6,0.97,0.737,0.822,252.2,118.3,2.612,2826530,1186129
661,1093,132.7,1.33,0.737,0.828,368.3,165.6,2.776,2723074,1171987
662,109,100.4,1.0,0.736,0.836,274.9,135.2,2.739,2817544,1195493
663,436,10.2,0.1,0.736,0.845,26.7,12.2,2.604,2764097,1175914
664,479,20.6,0.21,0.736,0.797,50.7,23.2,2.457,2701295,1172884
665,713,79.4,0.79,0.736,0.824,214.8,94.7,2.706,2733606,1159352
666,738,44.2,0.44,0.736,0.834,119.0,53.3,2.693,2726367,1158783
667,258,22.8,0.23,0.736,0.809,54.9,21.4,2.412,2767496,1185487
668,761,12.4,0.12,0.736,0.805,33.8,15.2,2.73,2793430,1157918
669,791,16.2,0.16,0.736,0.803,48.2,25.6,2.963,2781832,1155671
670,329,66.0,0.66,0.736,0.835,174.5,78.4,2.644,2757340,1181207
671,950,24.6,0.25,0.736,0.803,70.8,36.2,2.884,2757018,1139552
672,475,33.5,0.34,0.736,0.801,84.7,36.2,2.529,2718349,1173080
673,729,46.2,0.46,0.736,0.83,122.1,54.4,2.643,2795007,1158772
674,999,87.9,0.88,0.735,0.85,244.8,113.6,2.785,2806390,1132089
675,131,22.8,0.23,0.735,0.787,58.6,25.8,2.57,2773616,1194157
676,593,32.1,0.32,0.735,0.843,84.3,34.8,2.628,2699792,1165990
677,1128,198.4,1.98,0.735,0.848,523.1,221.3,2.637,2766922,1140645
678,537,11.1,0.11,0.735,0.794,32.1,15.1,2.883,2777757,1169253
679,45,86.8,0.87,0.735,0.837,236.3,117.5,2.724,2824050,1205851
680,260,12.0,0.12,0.735,0.828,31.8,14.3,2.654,2771557,1185509
681,409,143.8,1.44,0.735,0.864,382.4,180.8,2.659,2700608,1176407
682,418,18.5,0.18,0.735,0.803,53.6,27.5,2.897,2792955,1176692
683,183,31.7,0.32,0.735,0.831,90.3,46.1,2.85,2811688,1190562
684,946,122.4,1.22,0.735,0.848,353.5,177.7,2.888,2760546,1139577
685,477,19.0,0.19,0.735,0.822,49.6,21.8,2.612,2718932,1173184
686,767,30.0,0.3,0.735,0.831,86.6,43.9,2.886,2758360,1157051
687,332,34.8,0.35,0.735,0.81,97.4,48.7,2.798,2785486,1181281
688,621,30.8,0.31,0.735,0.814,84.4,39.2,2.74,2782414,1164875
689,375,25.1,0.25,0.735,0.799,62.5,26.4,2.487,2763583,1178745
690,1004,14.1,0.14,0.735,0.796,36.4,15.6,2.591,2741574,1131072
691,526,32.7,0.33,0.735,0.837,87.4,39.7,2.674,2713456,1170056
692,522,11.4,0.11,0.734,0.8,29.2,12.8,2.57,2751882,1170377
693,1072,141.8,1.42,0.734,0.807,379.0,179.9,2.672,2787906,1182556
694,95,41.6,0.42,0.734,0.777,104.2,44.3,2.508,2756396,1197363
695,126,124.8,1.25,0.734,0.827,320.6,143.2,2.569,2755282,1193901
696,802,24.8,0.25,0.734,0.783,67.2,31.6,2.707,2760705,1154667
697,368,25.9,0.26,0.734,0.79,72.8,36.7,2.806,2790152,1179459
698,137,194.2,1.94,0.734,0.832,552.5,282.3,2.845,2810968,1192370
699,1047,187.7,1.88,0.734,0.846,534.3,276.2,2.847,2812711,1193197
700,128,12.6,0.13,0.734,0.801,31.7,13.6,2.515,2777351,1194385
701,485,129.5,1.3,0.734,0.822,353.7,169.3,2.731,2795129,1171813
702,21,34.1,0.34,0.734,0.812,89.8,41.8,2.632,2762572,1209771
703,874,47.8,0.48,0.734,0.836,123.3,54.3,2.579,2775242,1147736
704,832,33.9,0.34,0.733,0.817,91.9,38.8,2.713,2744080,1153038
705,816,41.4,0.41,0.733,0.824,109.0,47.6,2.634,2746503,1153901
706,855,57.2,0.57,0.733,0.829,168.2,89.5,2.939,2761709,1149962
707,190,14.2,0.14,0.733,0.837,36.7,16.6,2.59,2774473,1190018
708,889,36.5,0.36,0.733,0.782,100.4,44.8,2.75,2728342,1145865
709,419,25.2,0.25,0.733,0.833,69.0,33.3,2.731,2766394,1176545
710,723,19.8,0.2,0.733,0.842,56.6,28.1,2.855,2724420,1159497
711,427,17.9,0.18,0.733,0.808,45.7,20.0,2.546,2798258,1176448
712,53,91.6,0.92,0.733,0.839,261.2,132.9,2.853,2819332,1203720
713,499,17.2,0.17,0.733,0.85,47.2,23.5,2.734,2764658,1171934
714,1057,149.2,1.49,0.733,0.824,393.1,178.9,2.634,2746613,1192472
715,856,71.6,0.72,0.733,0.812,191.1,83.2,2.671,2738411,1149749
716,857,14.7,0.15,0.733,0.839,39.9,17.8,2.715,2749659,1149901
717,251,11.9,0.12,0.733,0.811,31.5,13.8,2.642,2757229,1185766
718,849,11.0,0.11,0.732,0.796,33.4,17.9,3.036,2773315,1151189
719,19,21.1,0.21,0.732,0.804,53.1,22.9,2.516,2762880,1210536
720,246,94.2,0.94,0.732,0.834,257.8,116.0,2.735,2720358,1185658
721,691,38.2,0.38,0.732,0.818,99.0,44.1,2.592,2776461,1160416
722,524,17.0,0.17,0.732,0.821,41.6,15.5,2.45,2777103,1170123
723,604,12.0,0.12,0.732,0.828,29.4,12.9,2.452,2741364,1165640
724,94,10.2,0.1,0.732,0.788,26.5,12.0,2.581,2767836,1197585
725,105,21.4,0.21,0.731,0.793,55.4,26.1,2.594,2820498,1196571
726,826,115.3,1.15,0.731,0.835,316.3,145.8,2.743,2741110,1152894
727,161,25.2,0.25,0.73,0.806,65.4,30.8,2.597,2744158,1191590
728,995,14.2,0.14,0.73,0.804,38.7,17.8,2.727,2805716,1132590
729,541,27.3,0.27,0.73,0.808,66.0,25.8,2.415,2742865,1168859
730,1096,211.6,2.12,0.73,0.814,595.3,271.9,2.813,2721630,1169855
731,630,47.8,0.48,0.73,0.821,131.4,57.0,2.748,2746415,1164150
732,395,16.4,0.16,0.73,0.787,46.4,23.8,2.825,2795868,1178089
733,912,38.2,0.38,0.73,0.823,107.2,51.6,2.806,2767611,1143590
734,1029,142.1,1.42,0.73,0.841,353.3,156.0,2.487,2762557,1212935
735,82,27.6,0.28,0.73,0.789,70.3,30.6,2.55,2767870,1198557
736,789,84.2,0.84,0.73,0.794,220.0,98.4,2.611,2761332,1155549
737,746,19.8,0.2,0.73,0.82,58.9,31.0,2.985,2758712,1158562
738,795,13.4,0.13,0.729,0.809,37.1,17.1,2.777,2726547,1155325
739,807,42.7,0.43,0.729,0.81,119.4,54.9,2.796,2725851,1154739
740,998,10.9,0.11,0.729,0.8,27.8,11.7,2.556,2798225,1132594
741,115,63.9,0.64,0.729,0.833,168.6,75.7,2.636,2755156,1195027
742,800,24.3,0.24,0.729,0.824,70.0,35.7,2.881,2758285,1154949
743,102,142.6,1.43,0.729,0.84,400.5,206.1,2.808,2818251,1196255
744,853,40.8,0.41,0.729,0.793,108.9,46.0,2.667,2750280,1150434
745,916,13.3,0.13,0.729,0.781,36.9,17.8,2.775,2765194,1142971
746,327,17.1,0.17,0.729,0.809,43.2,17.6,2.529,2768139,1181793
747,51,15.0,0.15,0.728,0.777,36.4,16.2,2.424,2822565,1204896
748,1068,144.2,1.44,0.728,0.836,392.5,172.7,2.721,2721561,1187165
749,1007,36.2,0.36,0.728,0.813,96.2,42.9,2.659,2726555,1129949
750,160,48.6,0.49,0.728,0.834,123.7,52.8,2.548,2779686,1191702
751,737,23.3,0.23,0.728,0.82,67.2,33.7,2.881,2795752,1158990
752,378,65.8,0.66,0.728,0.794,180.4,88.9,2.741,2790279,1178643
753,313,29.2,0.29,0.728,0.801,76.4,33.7,2.611,2756303,1182581
754,291,20.1,0.2,0.728,0.824,58.3,30.2,2.904,2828235,1184113
755,360,171.8,1.72,0.728,0.831,436.8,190.6,2.542,2740011,1179137
756,724,18.6,0.19,0.728,0.811,50.2,23.1,2.704,2771525,1159535
757,282,20.0,0.2,0.728,0.779,51.7,21.6,2.586,2718257,1184489
758,989,26.6,0.27,0.728,0.829,68.9,28.7,2.59,2742154,1134302
759,668,17.6,0.18,0.728,0.817,51.1,25.6,2.91,2737957,1162007
760,345,14.9,0.15,0.727,0.812,42.5,20.7,2.845,2721268,1180686
761,956,15.4,0.15,0.727,0.798,41.3,18.2,2.676,2796667,1139040
762,809,23.9,0.24,0.727,0.837,68.4,34.6,2.856,2741554,1154657
763,883,36.1,0.36,0.727,0.841,95.0,41.2,2.633,2730190,1146367
764,654,23.9,0.24,0.727,0.852,68.0,32.3,2.842,2746849,1162862
765,512,43.4,0.43,0.727,0.799,126.8,64.4,2.918,2821394,1171262
766,474,30.5,0.3,0.727,0.807,87.2,44.2,2.859,2781255,1173265
767,913,25.6,0.26,0.727,0.841,66.2,27.1,2.591,2731516,1143486
768,941,16.6,0.17,0.726,0.782,47.2,23.2,2.84,2761176,1140951
769,410,72.2,0.72,0.726,0.8,200.1,99.2,2.771,2791021,1176933
770,594,10.8,0.11,0.726,0.78,29.5,13.4,2.743,2758681,1166091
771,603,40.3,0.4,0.726,0.86,104.3,44.2,2.587,2760732,1165577
772,945,89.2,0.89,0.726,0.824,235.3,100.7,2.637,2757703,1139993
773,881,38.6,0.39,0.726,0.824,105.4,47.1,2.728,2767694,1146796
774,936,12.3,0.12,0.726,0.831,32.9,15.6,2.67,2735837,1141152
775,943,21.6,0.22,0.726,0.842,58.4,25.7,2.699,2731917,1140802
776,762,17.6,0.18,0.725,0.805,49.0,23.7,2.782,2783482,1157701
777,623,32.8,0.33,0.725,0.816,94.3,47.5,2.875,2743778,1164640
778,407,27.0,0.27,0.725,0.8,77.7,39.6,2.878,2823882,1177275
779,703,10.6,0.11,0.725,0.843,29.7,15.0,2.813,2736680,1160159
780,413,57.7,0.58,0.725,0.846,158.0,77.6,2.739,2765672,1176705
781,890,13.1,0.13,0.725,0.796,36.5,15.6,2.78,2731893,1145778
782,1016,20.5,0.2,0.725,0.803,56.7,26.3,2.764,2810755,1126328
783,1020,201.2,2.01,0.725,0.82,542.4,241.4,2.696,2802590,1124153
784,626,10.3,0.1,0.725,0.783,26.4,10.7,2.563,2782199,1164595
785,357,57.4,0.57,0.725,0.84,151.9,67.8,2.647,2771395,1179796
786,273,55.7,0.56,0.725,0.819,135.3,54.9,2.43,2775637,1184805
787,882,16.3,0.16,0.724,0.827,42.5,18.9,2.605,2774091,1146951
788,470,35.9,0.36,0.724,0.831,95.6,40.1,2.662,2722051,1173343
789,655,12.9,0.13,0.724,0.804,35.2,16.5,2.721,2782116,1162972
790,350,11.4,0.11,0.724,0.83,29.5,12.7,2.58,2748423,1180344
791,129,64.2,0.64,0.724,0.825,178.3,88.5,2.778,2815995,1194063
792,411,11.9,0.12,0.724,0.819,32.0,15.7,2.682,2782750,1177231
793,422,101.9,1.02,0.724,0.823,263.7,116.0,2.587,2742097,1176126
794,886,12.1,0.12,0.724,0.773,32.8,15.4,2.72,2759427,1146146
795,303,132.8,1.33,0.724,0.817,359.2,173.0,2.704,2788702,1181602
796,722,100.5,1.0,0.724,0.841,262.6,113.8,2.613,2780243,1159064
797,988,86.1,0.86,0.723,0.843,233.2,105.4,2.71,2804821,1134186
798,532,57.8,0.58,0.723,0.872,149.4,61.7,2.587,2712367,1169271
799,519,17.5,0.18,0.723,0.819,45.5,19.4,2.597,2712729,1171016
800,888,21.2,0.21,0.723,0.823,60.3,30.2,2.836,2758125,1145910
801,893,38.1,0.38,0.723,0.78,103.1,45.7,2.708,2727834,1145042
802,159,164.9,1.65,0.723,0.815,422.8,184.6,2.564,2724826,1190356
803,412,143.2,1.43,0.723,0.808,416.7,211.7,2.91,2824489,1176593
804,868,38.9,0.39,0.723,0.816,102.9,42.0,2.647,2731947,1147929
805,831,13.9,0.14,0.723,0.81,34.0,13.2,2.441,2756599,1153237
806,300,61.6,0.62,0.723,0.777,159.3,68.3,2.585,2757981,1183294
807,23,38.5,0.38,0.723,0.784,95.2,40.5,2.471,2765997,1210010
808,27,19.2,0.19,0.722,0.785,46.1,19.9,2.397,2763794,1209291
809,26,21.6,0.22,0.722,0.777,52.9,23.4,2.453,2772150,1209234
810,848,27.0,0.27,0.722,0.807,71.8,33.2,2.66,2764490,1151146
811,397,78.2,0.78,0.722,0.825,227.8,117.7,2.914,2823459,1177832
812,381,11.2,0.11,0.722,0.768,28.5,12.7,2.55,2744074,1178704
813,782,23.6,0.24,0.722,0.835,67.1,32.9,2.84,2732518,1156039
814,1003,88.9,0.89,0.722,0.832,232.3,96.4,2.612,2797846,1130763
815,684,12.6,0.13,0.722,0.847,35.1,17.3,2.792,2736188,1160953
816,712,23.2,0.23,0.722,0.825,60.5,27.2,2.61,2736783,1159682
817,1017,55.2,0.55,0.722,0.837,142.9,60.4,2.586,2802631,1126092
818,176,54.0,0.54,0.722,0.85,153.6,78.0,2.844,2829624,1190810
819,358,177.5,1.78,0.721,0.846,478.7,214.7,2.697,2707120,1179738
820,382,65.4,0.65,0.721,0.814,179.7,88.7,2.749,2785899,1178404
821,294,117.9,1.18,0.721,0.835,303.3,137.0,2.573,2715768,1182828
822,201,13.0,0.13,0.721,0.78,33.3,15.9,2.559,2775413,1189224
823,923,33.9,0.34,0.721,0.827,91.2,41.0,2.686,2756511,1142100
824,144,31.0,0.31,0.721,0.833,80.4,33.8,2.593,2736284,1193024
825,986,31.2,0.31,0.721,0.808,80.0,32.3,2.564,2732611,1134562
826,842,38.6,0.39,0.72,0.797,108.0,54.9,2.801,2776803,1151901
827,338,54.9,0.55,0.72,0.814,156.3,80.4,2.848,2789723,1180915
828,64,10.9,0.11,0.72,0.812,29.7,14.2,2.728,2757413,1201959
829,264,49.8,0.5,0.72,0.799,127.3,55.0,2.558,2722066,1185179
830,41,77.9,0.78,0.72,0.781,197.6,87.9,2.536,2778892,1207425
831,142,22.6,0.23,0.72,0.794,54.7,22.5,2.424,2748080,1193333
832,702,20.4,0.2,0.72,0.813,53.1,23.3,2.606,2779610,1160221
833,651,13.8,0.14,0.72,0.793,38.4,18.4,2.794,2774716,1163028
834,163,18.3,0.18,0.72,0.803,45.9,19.5,2.505,2737545,1191638
835,42,109.6,1.1,0.72,0.8,284.4,129.9,2.594,2780831,1206839
836,921,15.8,0.16,0.719,0.787,41.2,17.7,2.607,2729090,1142360
837,297,49.8,0.5,0.719,0.799,130.2,57.7,2.613,2711460,1183452
838,720,100.6,1.01,0.719,0.816,271.2,121.0,2.695,2723815,1158962
839,954,14.7,0.15,0.719,0.807,39.7,18.0,2.702,2760772,1139011
840,972,18.9,0.19,0.719,0.801,49.1,20.1,2.593,2727888,1136936
841,107,10.9,0.11,0.719,0.792,27.8,12.1,2.539,2765549,1196129
842,369,33.7,0.34,0.718,0.81,92.0,44.2,2.73,2792541,1179383
843,862,14.9,0.15,0.718,0.766,38.1,16.2,2.562,2739732,1149318
844,511,17.2,0.17,0.718,0.778,44.1,17.0,2.568,2713904,1171560
845,69,31.2,0.31,0.718,0.788,82.0,39.0,2.628,2824560,1200852
846,785,25.6,0.26,0.718,0.827,70.7,32.7,2.76,2758509,1155954
847,733,12.2,0.12,0.718,0.812,35.1,16.9,2.878,2724030,1159030
848,806,10.2,0.1,0.718,0.791,26.5,10.9,2.599,2791350,1154921
849,354,15.2,0.15,0.718,0.849,38.3,16.0,2.509,2769305,1180208
850,377,47.1,0.47,0.718,0.818,116.5,45.8,2.476,2743445,1178624
851,352,71.1,0.71,0.717,0.814,192.5,93.6,2.707,2789687,1179993
852,237,22.8,0.23,0.717,0.79,56.7,25.4,2.487,2806537,1186584
853,979,79.8,0.8,0.717,0.821,221.7,107.6,2.778,2741230,1135975
854,15,121.4,1.21,0.717,0.799,309.9,142.5,2.553,2774265,1210573
855,1026,18.6,0.19,0.717,0.812,48.8,21.5,2.618,2736833,1121546
856,838,19.5,0.2,0.717,0.813,55.3,28.7,2.837,2760183,1152671
857,90,77.1,0.77,0.717,0.834,214.1,110.0,2.775,2821353,1197591
858,650,13.2,0.13,0.717,0.802,35.9,15.5,2.709,2699656,1162948
859,22,46.4,0.46,0.717,0.791,115.8,52.1,2.498,2772821,1209835
860,1058,122.1,1.22,0.717,0.798,311.3,135.1,2.55,2726520,1190655
861,61,14.4,0.14,0.717,0.842,38.4,18.7,2.669,2820691,1203210
862,312,222.8,2.23,0.716,0.837,574.1,240.5,2.576,2712232,1182156
863,948,81.7,0.82,0.716,0.804,227.1,106.2,2.78,2764571,1139456
864,967,19.5,0.2,0.716,0.798,51.3,21.4,2.632,2733515,1137845
865,320,19.6,0.2,0.716,0.807,50.3,20.7,2.572,2768557,1182056
866,612,10.1,0.1,0.716,0.772,23.7,8.6,2.355,2780713,1165176
867,334,28.7,0.29,0.716,0.801,73.9,31.1,2.576,2759024,1181381
868,430,14.6,0.15,0.715,0.813,42.7,22.2,2.919,2797477,1176193
869,619,35.9,0.36,0.715,0.821,91.8,42.4,2.556,2771925,1164891
870,487,157.7,1.58,0.715,0.819,442.3,199.5,2.805,2721876,1171780
871,443,69.2,0.69,0.715,0.829,194.9,98.9,2.815,2782070,1174821
872,920,24.4,0.24,0.715,0.799,67.5,32.0,2.76,2763107,1142436
873,1036,154.3,1.54,0.715,0.798,403.5,188.6,2.615,2782008,1206605
874,1066,220.8,2.21,0.714,0.821,599.5,261.4,2.716,2722836,1188350
875,5,24.6,0.25,0.714,0.805,64.0,30.7,2.606,2763352,1213472
876,283,21.0,0.21,0.714,0.814,56.1,26.8,2.672,2791384,1184448
877,766,27.9,0.28,0.714,0.799,79.6,39.3,2.85,2783354,1156981
878,813,20.8,0.21,0.714,0.787,58.9,29.2,2.83,2781290,1154123
879,965,21.9,0.22,0.714,0.816,54.8,22.9,2.496,2740683,1137980
880,24,10.1,0.1,0.714,0.792,24.6,10.3,2.445,2763318,1209965
881,421,13.8,0.14,0.713,0.784,37.3,17.7,2.702,2781686,1176717
882,631,87.2,0.87,0.713,0.812,228.2,99.7,2.616,2725160,1163883
883,77,11.5,0.12,0.713,0.796,31.2,14.5,2.716,2768535,1199515
884,775,19.4,0.19,0.712,0.807,53.4,24.3,2.756,2726071,1156288
885,505,11.6,0.12,0.712,0.757,33.3,16.9,2.881,2728952,1171810
886,140,22.9,0.23,0.712,0.786,59.1,25.6,2.575,2767864,1193670
887,755,13.0,0.13,0.712,0.817,33.1,12.9,2.546,2730265,1158153
888,165,156.5,1.56,0.712,0.81,439.4,222.7,2.808,2805799,1191019
889,903,10.8,0.11,0.712,0.795,29.3,14.0,2.711,2760774,1144721
890,1040,188.2,1.88,0.712,0.808,509.0,246.6,2.705,2789341,1198807
891,20,10.4,0.1,0.712,0.784,25.9,10.9,2.494,2764161,1210688
892,75,28.4,0.28,0.712,0.805,78.3,38.3,2.758,2819818,1199880
893,65,22.5,0.22,0.712,0.818,59.2,29.2,2.633,2830223,1201684
894,1119,140.0,1.4,0.711,0.821,378.8,175.0,2.705,2761656,1152256
895,983,58.1,0.58,0.711,0.829,162.7,76.5,2.8,2742324,1135342
896,219,20.4,0.2,0.711,0.79,53.8,24.5,2.639,2775122,1188109
897,267,60.9,0.61,0.711,0.816,166.4,75.1,2.734,2756999,1184963
898,362,34.8,0.35,0.711,0.779,92.9,43.9,2.673,2787256,1179510
899,348,10.7,0.11,0.711,0.797,28.9,13.7,2.702,2786723,1180433
900,367,113.4,1.13,0.711,0.832,294.1,133.9,2.594,2768789,1179007
901,545,13.2,0.13,0.711,0.812,34.3,14.9,2.591,2731348,1168762
902,136,11.3,0.11,0.711,0.79,26.7,10.8,2.363,2754441,1193995
903,680,10.6,0.11,0.711,0.832,27.1,11.5,2.57,2741417,1161301
904,710,39.0,0.39,0.711,0.799,103.9,46.5,2.665,2776165,1159854
905,71,94.6,0.95,0.711,0.816,259.3,130.1,2.742,2818893,1200237
906,554,10.8,0.11,0.71,0.773,25.6,9.3,2.378,2745228,1168008
907,480,84.3,0.84,0.71,0.791,242.9,121.8,2.881,2821319,1172738
908,980,19.5,0.2,0.709,0.814,51.3,22.9,2.633,2804722,1136283
909,489,24.2,0.24,0.709,0.787,69.1,35.0,2.851,2823920,1172467
910,125,121.2,1.21,0.709,0.828,285.3,116.2,2.353,2747094,1194238
911,839,14.1,0.14,0.709,0.827,38.0,18.5,2.689,2746849,1152792
912,870,28.8,0.29,0.709,0.793,72.5,26.9,2.521,2773026,1147993
913,897,12.1,0.12,0.709,0.805,33.4,16.2,2.768,2729934,1145027
914,106,162.8,1.63,0.708,0.806,402.3,169.5,2.472,2756004,1195827
915,182,14.8,0.15,0.708,0.814,36.9,15.1,2.499,2790081,1190693
916,1022,33.2,0.33,0.708,0.809,89.1,38.9,2.679,2736590,1123610
917,614,38.9,0.39,0.708,0.779,100.7,42.6,2.591,2725243,1165030
918,571,26.8,0.27,0.708,0.791,66.8,27.1,2.491,2736724,1167160
919,255,10.5,0.1,0.708,0.781,28.9,14.3,2.756,2814410,1185651
920,221,36.1,0.36,0.708,0.825,84.6,31.9,2.343,2779252,1187948
921,794,16.6,0.17,0.708,0.813,44.3,20.6,2.678,2758555,1155345
922,820,36.1,0.36,0.708,0.795,101.9,50.4,2.826,2760200,1153876
923,376,30.8,0.31,0.707,0.839,73.0,27.5,2.37,2742054,1178824
924,830,14.8,0.15,0.707,0.752,41.2,19.4,2.794,2793637,1153272
925,586,48.6,0.49,0.707,0.802,134.2,63.0,2.763,2781838,1166350
926,101,58.2,0.58,0.707,0.805,139.3,54.7,2.392,2755871,1196818
927,671,11.2,0.11,0.707,0.797,27.7,10.8,2.476,2725934,1161910
928,133,28.4,0.28,0.707,0.817,71.4,29.1,2.515,2735541,1193905
929,268,12.6,0.13,0.707,0.8,33.3,15.1,2.64,2719301,1185152
930,437,19.9,0.2,0.707,0.814,51.9,23.8,2.611,2741595,1175623
931,151,160.1,1.6,0.707,0.8,403.4,164.0,2.519,2725637,1191862
932,57,10.4,0.1,0.706,0.841,29.4,15.1,2.816,2821045,1203630
933,227,19.0,0.19,0.706,0.758,45.9,20.7,2.414,2811327,1186985
934,81,21.9,0.22,0.705,0.804,51.8,20.4,2.359,2755800,1198663
935,961,10.6,0.11,0.705,0.787,30.8,15.9,2.921,2763473,1138608
936,50,51.1,0.51,0.705,0.81,136.2,66.5,2.664,2784934,1205243
937,940,17.8,0.18,0.704,0.783,45.9,18.0,2.588,2728035,1140950
938,17,170.6,1.71,0.704,0.796,432.3,196.9,2.534,2775331,1209715
939,112,26.4,0.26,0.704,0.77,68.0,30.0,2.572,2769982,1195675
940,1001,20.6,0.21,0.704,0.806,54.8,24.3,2.658,2807073,1131513
941,120,202.3,2.02,0.704,0.8,514.1,218.2,2.541,2768890,1194474
942,35,140.7,1.41,0.704,0.834,399.1,201.2,2.837,2822408,1208000
943,559,17.4,0.17,0.704,0.825,44.5,18.7,2.562,2778523,1167797
944,118,10.8,0.11,0.703,0.753,27.5,12.1,2.557,2769499,1195463
945,12,21.7,0.22,0.703,0.769,52.0,21.9,2.396,2762959,1211524
946,798,10.1,0.1,0.703,0.774,24.0,9.1,2.388,2727051,1155035
947,79,86.4,0.86,0.702,0.822,234.4,116.1,2.712,2819394,1198808
948,4,214.2,2.14,0.702,0.769,540.4,240.3,2.522,2772606,1212285
949,602,19.5,0.2,0.702,0.783,52.8,22.5,2.708,2756204,1165614
950,1042,335.7,3.36,0.702,0.798,934.2,465.3,2.783,2791925,1198197
951,922,10.3,0.1,0.702,0.786,26.4,10.8,2.564,2761768,1142365
952,821,12.8,0.13,0.701,0.753,33.0,14.2,2.589,2794187,1153936
953,434,17.8,0.18,0.701,0.823,46.4,19.8,2.614,2703280,1175786
954,1021,13.9,0.14,0.701,0.822,35.3,15.3,2.534,2735782,1124056
955,38,84.0,0.84,0.701,0.78,215.2,98.2,2.562,2780339,1208014
956,25,11.2,0.11,0.7,0.779,27.1,11.3,2.424,2765103,1209471
957,944,12.3,0.12,0.7,0.78,35.8,18.4,2.906,2765100,1140591
958,752,175.6,1.76,0.7,0.791,496.4,236.0,2.826,2798572,1157682
959,573,12.1,0.12,0.7,0.767,31.5,13.2,2.612,2722187,1167299
960,158,10.1,0.1,0.699,0.827,28.5,13.8,2.816,2813093,1192209
961,1112,125.4,1.25,0.699,0.798,349.1,166.4,2.783,2777260,1157386
962,211,11.4,0.11,0.699,0.782,27.6,10.5,2.424,2725846,1188879
963,834,12.6,0.13,0.699,0.787,30.1,11.0,2.397,2757549,1153113
964,52,13.9,0.14,0.698,0.801,35.8,17.2,2.57,2822344,1204127
965,987,17.8,0.18,0.698,0.845,48.0,22.4,2.694,2742670,1134648
966,498,139.1,1.39,0.698,0.807,399.3,199.3,2.872,2825028,1171364
967,996,37.0,0.37,0.698,0.81,96.2,38.5,2.601,2726365,1132507
968,113,10.2,0.1,0.698,0.75,24.8,10.2,2.423,2766280,1195737
969,993,14.9,0.15,0.698,0.832,38.8,17.1,2.605,2732412,1133262
970,958,63.3,0.63,0.697,0.814,164.3,69.0,2.595,2805830,1138500
971,203,28.1,0.28,0.697,0.79,76.9,37.5,2.74,2804764,1189092
972,726,24.2,0.24,0.697,0.773,61.5,26.6,2.541,2774054,1159207
973,510,18.6,0.19,0.697,0.784,52.4,23.9,2.822,2720981,1171539
974,88,72.2,0.72,0.697,0.831,191.1,93.8,2.645,2819716,1197905
975,72,11.6,0.12,0.697,0.777,30.4,14.3,2.615,2821841,1200551
976,515,21.1,0.21,0.696,0.805,61.5,31.0,2.91,2822697,1171112
977,739,15.1,0.15,0.696,0.795,32.7,8.8,2.164,2793822,1158990
978,280,213.3,2.13,0.696,0.817,537.6,230.7,2.52,2709413,1183529
979,164,182.3,1.82,0.695,0.811,516.6,263.2,2.834,2808598,1191104
980,975,10.1,0.1,0.695,0.848,27.9,14.1,2.776,2760184,1136522
981,527,10.5,0.1,0.694,0.771,27.1,11.2,2.585,2737150,1169952
982,54,70.8,0.71,0.694,0.79,181.4,84.6,2.562,2784687,1203766
983,828,44.6,0.45,0.694,0.771,121.3,54.4,2.718,2798547,1153352
984,365,157.6,1.58,0.694,0.824,440.3,212.6,2.793,2825334,1179305
985,310,229.6,2.3,0.693,0.812,563.9,232.8,2.456,2707944,1181439
986,774,36.6,0.37,0.693,0.771,103.1,48.9,2.816,2796929,1156389
987,346,15.1,0.15,0.693,0.759,34.0,12.4,2.257,2795578,1180495
988,245,15.1,0.15,0.693,0.776,37.9,15.2,2.509,2723997,1186398
989,731,32.4,0.32,0.693,0.759,85.8,40.1,2.651,2774601,1158941
990,494,19.2,0.19,0.693,0.801,50.1,21.2,2.613,2719824,1172405
991,963,10.6,0.11,0.693,0.82,24.4,9.2,2.296,2772610,1138398
992,677,20.2,0.2,0.693,0.769,50.5,19.5,2.501,2724655,1161430
993,374,113.9,1.14,0.693,0.813,295.4,121.8,2.592,2706057,1178703
994,78,26.9,0.27,0.692,0.81,69.8,32.6,2.595,2817906,1198902
995,779,78.0,0.78,0.692,0.771,213.7,100.1,2.74,2776140,1155712
996,331,46.3,0.46,0.692,0.809,111.1,40.9,2.4,2767454,1181382
997,96,150.8,1.51,0.692,0.83,418.6,207.5,2.777,2794333,1196842
998,424,11.8,0.12,0.691,0.775,28.4,10.9,2.405,2783526,1176629
999,44,33.0,0.33,0.691,0.805,91.0,44.6,2.759,2821319,1206698
1000,208,23.8,0.24,0.691,0.809,64.6,30.9,2.722,2809554,1188838
1001,810,19.8,0.2,0.691,0.825,48.2,18.9,2.44,2748097,1154543
1002,1005,53.1,0.53,0.69,0.77,136.4,56.3,2.568,2808101,1130618
1003,428,20.2,0.2,0.69,0.79,50.7,22.2,2.511,2740490,1176226
1004,226,11.4,0.11,0.69,0.815,31.3,15.0,2.755,2790173,1187585
1005,180,12.3,0.12,0.69,0.791,30.4,12.2,2.467,2723501,1190658
1006,272,52.9,0.53,0.69,0.771,122.1,39.1,2.307,2719834,1184782
1007,148,39.7,0.4,0.689,0.8,92.0,38.2,2.317,2747708,1192730
1008,316,27.4,0.27,0.689,0.773,65.5,25.0,2.394,2757686,1182301
1009,337,12.9,0.13,0.689,0.753,31.2,12.3,2.413,2710296,1181361
1010,827,16.0,0.16,0.689,0.751,46.5,23.7,2.904,2778717,1153428
1011,531,18.5,0.18,0.689,0.772,44.8,16.2,2.422,2792444,1169738
1012,87,28.2,0.28,0.689,0.795,76.8,38.4,2.719,2822255,1198058
1013,406,11.8,0.12,0.689,0.763,29.0,13.0,2.472,2790423,1177551
1014,1027,17.4,0.17,0.688,0.764,45.4,20.3,2.615,2737135,1121169
1015,859,14.1,0.14,0.688,0.756,38.2,17.7,2.716,2766164,1149749
1016,379,20.3,0.2,0.687,0.809,52.3,23.6,2.575,2771090,1178878
1017,76,15.4,0.15,0.687,0.752,38.2,16.2,2.485,2823357,1199827
1018,846,17.4,0.17,0.687,0.743,45.3,19.0,2.608,2799080,1151378
1019,7,32.4,0.32,0.687,0.833,75.9,33.0,2.339,2760844,1212704
1020,366,25.8,0.26,0.687,0.8,67.0,30.0,2.595,2766237,1179542
1021,58,19.0,0.19,0.686,0.834,52.2,26.1,2.747,2820224,1203685
1022,1002,15.4,0.15,0.686,0.786,38.6,14.7,2.508,2726019,1131548
1023,1033,112.7,1.13,0.686,0.757,291.0,133.9,2.582,2775078,1212068
1024,257,158.1,1.58,0.686,0.779,403.2,178.2,2.55,2710925,1184956
1025,55,15.8,0.16,0.686,0.744,37.1,15.6,2.357,2826003,1203861
1026,1019,61.6,0.62,0.686,0.78,168.0,75.9,2.726,2739143,1125181
1027,960,10.8,0.11,0.685,0.848,27.3,11.8,2.536,2731491,1138555
1028,121,22.3,0.22,0.685,0.802,60.6,29.3,2.716,2815773,1194887
1029,398,44.7,0.45,0.684,0.794,113.4,50.4,2.537,2790098,1177948
1030,925,27.5,0.28,0.684,0.804,78.3,39.9,2.848,2741278,1141876
1031,97,20.4,0.2,0.684,0.795,55.1,26.5,2.694,2818053,1197220
1032,804,10.1,0.1,0.683,0.746,27.8,13.2,2.763,2794143,1154875
1033,420,11.2,0.11,0.683,0.75,26.2,10.0,2.326,2739702,1176666
1034,606,10.1,0.1,0.683,0.802,24.6,10.1,2.432,2727049,1165541
1035,33,115.1,1.15,0.683,0.816,319.8,159.2,2.778,2824093,1208573
1036,390,15.9,0.16,0.682,0.795,37.1,14.6,2.327,2740704,1178196
1037,582,10.1,0.1,0.682,0.809,25.1,10.3,2.481,2771035,1166913
1038,172,16.6,0.17,0.682,0.765,42.0,17.6,2.533,2813115,1191330
1039,93,44.2,0.44,0.682,0.78,119.1,57.6,2.696,2793570,1197385
1040,307,42.4,0.42,0.682,0.795,116.5,58.0,2.746,2827640,1182764
1041,757,22.5,0.22,0.681,0.743,66.6,31.3,2.959,2788262,1157942
1042,574,11.8,0.12,0.681,0.836,30.5,12.8,2.598,2811805,1167208
1043,46,10.2,0.1,0.681,0.774,27.8,13.8,2.713,2821013,1206244
1044,555,10.2,0.1,0.68,0.828,24.5,9.3,2.406,2731304,1167895
1045,787,243.9,2.44,0.68,0.762,680.6,319.0,2.79,2797736,1154708
1046,355,31.3,0.31,0.68,0.807,84.7,40.9,2.705,2824117,1180014
1047,30,14.2,0.14,0.68,0.728,38.2,18.4,2.692,2773414,1209196
1048,262,13.6,0.14,0.68,0.758,34.5,16.1,2.546,2827518,1185367
1049,790,19.8,0.2,0.679,0.747,50.5,21.2,2.548,2795097,1155497
1050,784,10.9,0.11,0.679,0.717,30.8,15.4,2.821,2774939,1156090
1051,56,10.4,0.1,0.679,0.808,28.2,13.7,2.719,2820626,1203918
1052,1024,11.4,0.11,0.679,0.774,28.5,11.5,2.504,2801941,1123089
1053,1025,11.6,0.12,0.679,0.753,32.3,14.7,2.796,2802904,1122571
1054,9,163.1,1.63,0.678,0.763,416.3,193.8,2.552,2777048,1211821
1055,13,215.2,2.15,0.678,0.773,561.4,266.0,2.608,2779126,1210350
1056,1090,134.9,1.35,0.678,0.786,393.4,201.0,2.917,2825625,1176041
1057,110,19.2,0.19,0.678,0.781,46.2,17.8,2.401,2768515,1195859
1058,928,11.7,0.12,0.678,0.85,29.8,13.2,2.554,2732000,1141773
1059,772,28.4,0.28,0.678,0.753,78.0,36.1,2.749,2799145,1156576
1060,339,12.1,0.12,0.676,0.814,31.0,14.7,2.571,2758131,1180999
1061,29,17.1,0.17,0.676,0.783,40.4,16.2,2.357,2770682,1209407
1062,39,45.2,0.45,0.675,0.744,108.2,47.1,2.392,2784769,1207518
1063,104,12.9,0.13,0.675,0.76,35.2,17.8,2.736,2817018,1196682
1064,454,41.8,0.42,0.675,0.761,116.4,55.5,2.787,2821896,1174395
1065,16,44.4,0.44,0.675,0.748,114.4,53.6,2.574,2777026,1210500
1066,323,26.4,0.26,0.675,0.745,76.8,39.3,2.904,2828144,1181880
1067,432,10.2,0.1,0.675,0.733,26.9,11.7,2.641,2823526,1176077
1068,1035,152.9,1.53,0.674,0.777,401.6,193.0,2.627,2782995,1209285
1069,1031,150.8,1.51,0.674,0.743,375.2,169.9,2.488,2770671,1213200
1070,771,12.8,0.13,0.674,0.758,34.8,15.9,2.729,2724835,1156697
1071,308,14.8,0.15,0.673,0.771,35.9,14.7,2.435,2711760,1183127
1072,288,15.4,0.15,0.673,0.758,42.1,19.0,2.728,2757094,1184274
1073,74,12.7,0.13,0.672,0.738,30.0,11.7,2.365,2821856,1200041
1074,37,25.8,0.26,0.672,0.728,64.4,30.9,2.5,2784526,1208275
1075,1030,195.0,1.95,0.672,0.774,491.2,220.6,2.519,2766499,1212709
1076,181,25.4,0.25,0.671,0.73,63.5,28.0,2.495,2810524,1190532
1077,2,235.2,2.35,0.671,0.765,572.9,249.3,2.435,2764545,1213172
1078,14,21.6,0.22,0.671,0.766,52.5,21.7,2.428,2765290,1210917
1079,285,30.8,0.31,0.671,0.752,77.0,31.0,2.5,2709986,1184256
1080,769,16.8,0.17,0.67,0.752,47.5,22.8,2.838,2721762,1156769
1081,1028,15.5,0.16,0.669,0.769,38.3,16.7,2.471,2735169,1117245
1082,990,12.4,0.12,0.669,0.757,29.3,12.3,2.372,2741161,1134113
1083,1032,192.7,1.93,0.669,0.741,477.4,211.7,2.478,2768504,1213665
1084,326,29.8,0.3,0.668,0.745,83.0,40.7,2.785,2826067,1181823
1085,117,20.4,0.2,0.667,0.798,56.3,28.5,2.755,2815933,1195341
1086,114,37.4,0.37,0.667,0.798,75.3,22.4,2.013,2748473,1195364
1087,3,22.5,0.22,0.666,0.752,52.2,21.8,2.32,2759989,1214143
1088,85,11.8,0.12,0.665,0.76,31.0,14.8,2.636,2816740,1198288
1089,169,20.9,0.21,0.665,0.796,57.6,28.7,2.753,2810144,1191411
1090,47,13.4,0.13,0.664,0.759,33.5,14.4,2.503,2785612,1206116
1091,674,12.2,0.12,0.663,0.775,31.2,11.7,2.546,2786769,1161859
1092,1034,237.6,2.38,0.663,0.781,616.3,284.9,2.594,2780935,1209529
1093,100,17.4,0.17,0.663,0.783,48.0,23.6,2.764,2814173,1196974
1094,453,57.8,0.58,0.663,0.732,164.3,82.2,2.846,2824653,1174454
1095,254,74.8,0.75,0.663,0.782,210.8,104.8,2.818,2828472,1185089
1096,538,13.2,0.13,0.662,0.789,31.5,10.6,2.374,2713852,1169202
1097,299,133.9,1.34,0.661,0.773,388.9,195.3,2.905,2826097,1183073
1098,43,18.2,0.18,0.66,0.724,48.9,23.4,2.687,2821392,1207254
1099,682,33.3,0.33,0.66,0.749,90.6,42.3,2.72,2801694,1160963
1100,716,11.7,0.12,0.659,0.723,28.3,10.8,2.422,2773412,1159730
1101,6,14.2,0.14,0.658,0.726,31.9,12.3,2.238,2764108,1213302
1102,11,10.9,0.11,0.657,0.724,25.9,12.3,2.371,2761696,1211821
1103,18,12.2,0.12,0.657,0.755,28.7,12.3,2.356,2771585,1210741
1104,306,25.4,0.25,0.656,0.742,61.6,22.4,2.422,2714639,1183060
1105,400,10.4,0.1,0.656,0.728,23.1,8.3,2.215,2740925,1177914
1106,314,10.2,0.1,0.655,0.76,26.7,12.5,2.606,2792373,1182574
1107,73,90.0,0.9,0.653,0.797,250.4,126.4,2.782,2817104,1199678
1108,298,41.0,0.41,0.653,0.745,117.7,58.9,2.871,2828975,1183510
1109,1010,11.3,0.11,0.652,0.76,25.6,8.2,2.261,2798635,1129628
1110,617,15.6,0.16,0.651,0.737,36.3,15.3,2.333,2769974,1165091
1111,281,79.2,0.79,0.651,0.755,189.6,65.3,2.393,2717433,1184082
1112,212,21.6,0.22,0.651,0.739,48.1,18.9,2.231,2726586,1188771
1113,8,17.9,0.18,0.65,0.719,44.4,20.1,2.477,2768156,1212552
1114,361,27.4,0.27,0.649,0.756,65.1,25.6,2.378,2710631,1179655
1115,274,13.8,0.14,0.645,0.759,35.6,15.1,2.576,2710028,1184851
1116,629,12.6,0.13,0.644,0.732,30.9,12.0,2.446,2782761,1164241
1117,783,35.8,0.36,0.64,0.698,100.6,47.6,2.813,2799625,1155952
1118,469,15.4,0.15,0.637,0.767,41.7,19.9,2.715,2821634,1173720
1119,178,28.1,0.28,0.635,0.729,75.5,36.0,2.683,2804528,1190689
1120,86,21.9,0.22,0.633,0.744,60.5,29.7,2.76,2813758,1198262
1121,1023,11.1,0.11,0.632,0.705,29.3,12.9,2.635,2739441,1123065
1122,10,20.3,0.2,0.628,0.695,51.6,23.4,2.539,2769010,1211952
1123,278,12.4,0.12,0.628,0.724,33.8,15.7,2.714,2816781,1184649
1124,464,15.4,0.15,0.628,0.692,41.7,20.0,2.711,2825081,1174060
1125,760,10.4,0.1,0.625,0.713,24.4,8.5,2.352,2782500,1158060
1126,210,10.1,0.1,0.624,0.718,25.5,11.5,2.522,2804421,1188835
1127,89,14.1,0.14,0.619,0.746,37.9,18.3,2.698,2793734,1198034
1128,1,21.9,0.22,0.588,0.704,59.9,30.1,2.731,2769777,1214389
1129,28,18.6,0.19,0.585,0.731,49.0,23.0,2.629,2824855,1209300
